-- MySQL dump 10.15  Distrib 10.0.28-MariaDB, for Linux (x86_64)
--
-- Host: localhost    Database: localhost
-- ------------------------------------------------------
-- Server version	10.0.28-MariaDB

/*!40101 SET @OLD_CHARACTER_SET_CLIENT=@@CHARACTER_SET_CLIENT */;
/*!40101 SET @OLD_CHARACTER_SET_RESULTS=@@CHARACTER_SET_RESULTS */;
/*!40101 SET @OLD_COLLATION_CONNECTION=@@COLLATION_CONNECTION */;
/*!40101 SET NAMES utf8 */;
/*!40103 SET @OLD_TIME_ZONE=@@TIME_ZONE */;
/*!40103 SET TIME_ZONE='+00:00' */;
/*!40014 SET @OLD_UNIQUE_CHECKS=@@UNIQUE_CHECKS, UNIQUE_CHECKS=0 */;
/*!40014 SET @OLD_FOREIGN_KEY_CHECKS=@@FOREIGN_KEY_CHECKS, FOREIGN_KEY_CHECKS=0 */;
/*!40101 SET @OLD_SQL_MODE=@@SQL_MODE, SQL_MODE='NO_AUTO_VALUE_ON_ZERO' */;
/*!40111 SET @OLD_SQL_NOTES=@@SQL_NOTES, SQL_NOTES=0 */;

--
-- Table structure for table `blocked`
--

DROP TABLE IF EXISTS `blocked`;
/*!40101 SET @saved_cs_client     = @@character_set_client */;
/*!40101 SET character_set_client = utf8 */;
CREATE TABLE `blocked` (
  `blockedid` int(11) NOT NULL AUTO_INCREMENT,
  `ip` varchar(45) DEFAULT NULL,
  PRIMARY KEY (`blockedid`)
) ENGINE=InnoDB AUTO_INCREMENT=26 DEFAULT CHARSET=latin1;
/*!40101 SET character_set_client = @saved_cs_client */;

--
-- Dumping data for table `blocked`
--

LOCK TABLES `blocked` WRITE;
/*!40000 ALTER TABLE `blocked` DISABLE KEYS */;
INSERT INTO `blocked` VALUES (2,'188.18.6.26'),(14,'190.2.21.123'),(15,'2.4.4.4'),(16,'190.2.21.122'),(17,'190.2.21.1231'),(18,'adfrg'),(19,'adfrg'),(20,'124'),(21,'12412'),(22,'134'),(23,'134'),(24,'12');
/*!40000 ALTER TABLE `blocked` ENABLE KEYS */;
UNLOCK TABLES;

--
-- Table structure for table `bookings`
--

DROP TABLE IF EXISTS `bookings`;
/*!40101 SET @saved_cs_client     = @@character_set_client */;
/*!40101 SET character_set_client = utf8 */;
CREATE TABLE `bookings` (
  `bookingid` int(11) NOT NULL AUTO_INCREMENT,
  `scheduleid` int(11) DEFAULT NULL,
  `userid` int(11) DEFAULT NULL,
  PRIMARY KEY (`bookingid`),
  KEY `scheduleid_idx` (`scheduleid`),
  KEY `userid_idx` (`userid`),
  CONSTRAINT `scheduleid` FOREIGN KEY (`scheduleid`) REFERENCES `schedules` (`scheduleid`) ON DELETE NO ACTION ON UPDATE NO ACTION,
  CONSTRAINT `userid` FOREIGN KEY (`userid`) REFERENCES `users` (`userid`) ON DELETE NO ACTION ON UPDATE NO ACTION
) ENGINE=InnoDB AUTO_INCREMENT=51 DEFAULT CHARSET=latin1;
/*!40101 SET character_set_client = @saved_cs_client */;

--
-- Dumping data for table `bookings`
--

LOCK TABLES `bookings` WRITE;
/*!40000 ALTER TABLE `bookings` DISABLE KEYS */;
INSERT INTO `bookings` VALUES (8,12,94),(9,12,94),(10,11,96),(11,11,94),(12,12,97),(13,11,97),(14,12,94),(15,12,94),(16,12,94),(17,12,94),(18,12,94),(19,12,94),(20,25,94),(21,12,101),(22,12,101),(23,12,94),(24,11,94),(25,12,97),(26,25,97),(27,25,97),(28,12,102),(29,11,94),(30,11,94),(31,25,94),(32,25,655),(33,12,660),(34,11,658),(35,11,658),(36,11,658),(37,11,658),(38,25,663),(39,11,663),(40,11,658),(41,11,658),(42,12,658),(43,11,658),(44,11,664),(45,11,664),(47,11,667),(48,11,667),(49,25,667),(50,25,667);
/*!40000 ALTER TABLE `bookings` ENABLE KEYS */;
UNLOCK TABLES;

--
-- Table structure for table `login`
--

DROP TABLE IF EXISTS `login`;
/*!40101 SET @saved_cs_client     = @@character_set_client */;
/*!40101 SET character_set_client = utf8 */;
CREATE TABLE `login` (
  `loginid` int(11) NOT NULL AUTO_INCREMENT,
  `username` varchar(45) NOT NULL,
  `date` datetime NOT NULL,
  `action` varchar(10) NOT NULL,
  `ip` varchar(45) NOT NULL,
  PRIMARY KEY (`loginid`)
) ENGINE=InnoDB AUTO_INCREMENT=816 DEFAULT CHARSET=latin1;
/*!40101 SET character_set_client = @saved_cs_client */;

--
-- Dumping data for table `login`
--

LOCK TABLES `login` WRITE;
/*!40000 ALTER TABLE `login` DISABLE KEYS */;
INSERT INTO `login` VALUES (743,'ana','2017-04-25 17:36:28','pass','198.18.6.26'),(744,'admin','2017-04-25 17:36:35','pass','198.18.6.26'),(745,'add','2017-04-25 17:36:42','fail','198.18.6.26'),(746,'admin','2017-04-25 17:36:49','pass','198.18.6.26'),(747,'analoiy','2017-04-25 17:37:17','fail','198.18.6.26'),(748,'admin','2017-04-25 17:37:36','pass','198.18.6.26'),(749,'admin','2017-04-25 17:37:44','pass','198.18.6.26'),(750,'ama\\','2017-04-25 17:39:32','fail','198.18.6.26'),(751,'feffrvg','2017-04-25 17:39:35','fail','198.18.6.26'),(752,'admin','2017-04-25 17:39:44','pass','198.18.6.26'),(753,'maitri','2017-04-25 17:47:27','pass','198.18.6.26'),(754,'maitri','2017-04-25 17:48:15','pass','198.18.6.26'),(755,'1','2017-04-25 17:50:58','pass','198.18.3.206'),(756,'admin','2017-04-25 17:55:17','pass','198.18.6.26'),(757,'admin','2017-04-25 18:39:35','pass','198.18.6.26'),(758,'maitri','2017-04-25 18:42:43','pass','198.18.6.26'),(759,'maitri','2017-04-25 19:18:33','pass','198.18.6.26'),(760,'admin','2017-04-25 19:20:24','pass','198.18.6.26'),(761,'maitri','2017-04-25 19:25:18','fail','198.18.6.26'),(762,'maitri','2017-04-25 19:25:21','pass','198.18.6.26'),(763,'maitri','2017-04-25 19:29:32','pass','198.18.6.26'),(764,'maitri','2017-04-25 19:31:07','pass','198.18.6.26'),(765,'maitri','2017-04-25 19:33:11','pass','198.18.6.26'),(766,'admin','2017-04-25 19:39:33','pass','198.18.6.26'),(767,'admin','2017-04-25 19:40:45','pass','198.18.6.26'),(768,'admin','2017-04-26 21:44:27','fail','198.18.0.26'),(769,'calci','2017-04-26 21:44:53','pass','198.18.0.26'),(770,'rhea','2017-04-27 17:06:15','pass','198.18.6.2'),(771,'admin','2017-04-27 17:07:24','pass','198.18.6.2'),(772,'maitri','2017-04-27 17:09:29','pass','198.18.6.26'),(773,'reah','2017-04-27 17:10:42','pass','198.18.6.26'),(774,'maitri','2017-04-29 15:12:39','pass','198.18.6.26'),(775,'ma','2017-04-29 15:25:01','fail','198.18.6.26'),(776,'maitri','2017-04-29 15:25:04','pass','198.18.6.26'),(777,'admin','2017-04-29 15:47:07','pass','198.18.6.26'),(778,'admin','2017-04-29 16:21:45','pass','198.18.6.26'),(779,'admin','2017-04-29 17:24:19','pass','198.18.6.26'),(780,'majf','2017-04-29 17:24:38','fail','198.18.6.26'),(781,'admin','2017-04-29 17:24:44','pass','198.18.6.26'),(782,'maitri','2017-04-29 17:28:27','fail','198.18.6.26'),(783,'maitri','2017-04-29 17:28:31','pass','198.18.6.26'),(784,'charles','2017-04-29 17:29:35','pass','198.18.6.26'),(785,'admin','2017-04-29 20:32:25','pass','198.18.6.26'),(786,'admin','2017-04-29 20:34:09','pass','198.18.6.26'),(787,'maitri','2017-04-29 20:43:22','pass','198.18.6.26'),(788,'maitri','2017-04-29 20:44:41','fail','198.18.6.26'),(789,'maitri','2017-04-29 20:44:45','pass','198.18.6.26'),(790,'new','2017-04-29 20:45:55','pass','198.18.6.26'),(791,'new','2017-04-29 20:48:22','pass','198.18.6.26'),(792,'admin','2017-04-29 20:53:50','pass','198.18.6.26'),(793,'maitri','2017-04-30 00:12:40','pass','198.18.6.26'),(794,'admin','2017-05-01 08:39:20','pass','198.18.6.26'),(795,'charlie','2017-05-01 08:39:47','fail','198.18.6.26'),(796,'admin','2017-05-01 08:39:51','pass','198.18.6.26'),(797,'maitri','2017-05-01 08:50:38','pass','198.18.6.26'),(798,'james','2017-05-01 08:51:08','fail','198.18.6.26'),(799,'james','2017-05-01 08:51:12','fail','198.18.6.26'),(800,'james','2017-05-01 08:51:17','pass','198.18.6.26'),(801,'admin','2017-05-01 08:52:15','pass','198.18.6.26'),(802,'admin','2017-05-01 08:53:08','pass','198.18.6.26'),(803,'james','2017-05-01 08:53:21','pass','198.18.6.26'),(813,'admin','2017-05-01 09:00:15','pass','198.18.6.26'),(814,'maitri','2017-05-01 09:00:48','pass','198.18.6.26'),(815,'james','2017-05-01 09:00:56','pass','198.18.6.26');
/*!40000 ALTER TABLE `login` ENABLE KEYS */;
UNLOCK TABLES;

--
-- Table structure for table `schedules`
--

DROP TABLE IF EXISTS `schedules`;
/*!40101 SET @saved_cs_client     = @@character_set_client */;
/*!40101 SET character_set_client = utf8 */;
CREATE TABLE `schedules` (
  `scheduleid` int(11) NOT NULL AUTO_INCREMENT,
  `flightname` varchar(45) DEFAULT NULL,
  `board` varchar(45) DEFAULT NULL,
  `destination` varchar(45) DEFAULT NULL,
  `boarddate` date NOT NULL,
  `boardTime` time NOT NULL,
  `destinationTime` time NOT NULL,
  `duration` time NOT NULL,
  `fare` int(11) DEFAULT NULL,
  PRIMARY KEY (`scheduleid`)
) ENGINE=InnoDB AUTO_INCREMENT=42 DEFAULT CHARSET=latin1;
/*!40101 SET character_set_client = @saved_cs_client */;

--
-- Dumping data for table `schedules`
--

LOCK TABLES `schedules` WRITE;
/*!40000 ALTER TABLE `schedules` DISABLE KEYS */;
INSERT INTO `schedules` VALUES (11,'jet','denver','ca','2019-07-10','01:01:01','02:02:02','01:00:00',300),(12,'amirates','denver','ca','2019-07-10','02:01:01','03:02:02','01:00:00',300),(25,'mia','mia','mia','1111-11-11','12:12:12','13:13:13','11:11:11',1900),(40,'delta','denver','ca','2017-10-05','09:10:20','12:10:20','04:00:00',1200),(41,'12','','','0000-00-00','00:00:00','00:00:00','00:00:00',0);
/*!40000 ALTER TABLE `schedules` ENABLE KEYS */;
UNLOCK TABLES;

--
-- Table structure for table `users`
--

DROP TABLE IF EXISTS `users`;
/*!40101 SET @saved_cs_client     = @@character_set_client */;
/*!40101 SET character_set_client = utf8 */;
CREATE TABLE `users` (
  `userid` int(11) NOT NULL AUTO_INCREMENT,
  `username` varchar(45) NOT NULL,
  `password` varchar(256) DEFAULT NULL,
  `creditcard` int(11) NOT NULL,
  `salt` varchar(45) DEFAULT NULL,
  PRIMARY KEY (`userid`)
) ENGINE=InnoDB AUTO_INCREMENT=668 DEFAULT CHARSET=latin1;
/*!40101 SET character_set_client = @saved_cs_client */;

--
-- Dumping data for table `users`
--

LOCK TABLES `users` WRITE;
/*!40000 ALTER TABLE `users` DISABLE KEYS */;
INSERT INTO `users` VALUES (93,'admin','713e5d2ff0120a24a56b7a49f5aae29d12747f76953ba15b1e2cba93c3b4e515',123,'2031319311'),(94,'maitri','1c2d3bae5102f3fb0da896d0fa2c47e94b4730ec8f18a3196c1ede91e2675b9d',121212,'28112629'),(95,'mait','3990378dd14dbfa816074287efd1044ca5b55deb6627f004799d427b3e2588e6',1209,'920041463'),(96,'ash','2697bdd2e5a1df4984b1f00da0d94cbaa771263cfeea351a9f87cd1583e3cf39',907812,'282096935'),(97,'ash123','fdc62daaf0babebc7000e5045692a08dfe76c3b3cc6e004fee5a3881944a393d',129045,'1013317642'),(98,'ash1234','80fe333d0ff037f7a5a26a9976e8e8ff8bf98b45905da3929a8ceecc0a3402e7',1234123,'115568175'),(99,'as12356','0a22df3dd01030fb13b5a77ce1637d03fb3c77579142517c2a32b11346fb4519',12356,'664249714'),(100,'maitri123','9d8e9702435ec57282b1d645debbb9c3f0011dc31cc27f8e271dad729d0b1cc2',2147483647,'1897323592'),(101,'shit','a0b5cec479da796055b53bbc5f45ffde910eef95bb9dd7fb2f2e3a8d2025a24e',69,'139677511'),(102,'ash132','767b590a0792b04dfcf0d0178eaf3bc01216f1365d69d70791c4fa3308b1fdef',132,'1269175298'),(103,'ZAP','05000b076d33f51194a49aef5d312488315ce53209dcd430aae42dd9b09aa368',0,'1685844473'),(104,'ZAP','5d86fb8523c8213c2a23e402fb819ca0e36207ae683deb1d95d497f60d960a78',0,'751660194'),(105,'ZAP','ba3ca181f60e319f4714da5ad1f24687a3de895e4f0ce7cb1faad128ad2772de',0,'1030349159'),(106,'ZAP','68961f91efe01ab21021642264d9df5be4e2c011cb54a7595e33f86fad40bf41',0,'40733424'),(107,'ZAP','58b606bf22b4a447a3768aa71a24b13cb8373666e84b06d3e52edd3659aea100',0,'1480507051'),(108,'ZAP','e00260c13d9e60035d4e6fe72d25444362658dbefde6258da5ebe7b763eb8015',0,'221281188'),(109,'ZAP','902b3fb0b59c568f1bfcc977b73d64ed825a9818c3b777eb3077cbb552be85d6',0,'302754203'),(110,'ZAP','7b78dc5a4f55cb913511b408cdaafb8942b1f932e439378662481fd954b5eb62',0,'92288962'),(111,'ZAP','79a28d06abc6b207e79f8f5565d8810aca9523f88b305f938bf4aa3d56cef9cb',0,'358413897'),(112,'ZAP','f9d2829a62703044bae58263ba4e255464310fa2ee08f00b663ba4cefae328b6',0,'849172635'),(113,'ZAP','3d46c1c4a85580b7815dc6e785a5c5419a0a5ad0bbbdfb34250beb10f47c2bc2',0,'596062477'),(114,'ZAP','0bfe65e27af57244122909f7c4b8fe572fdc1feb20edcb30e5feaeb0eea6db23',0,'2117791181'),(115,'ZAP','fa738b3316b28db117f605a67c5895386b9b5a21115f6799ee6e79e334735238',0,'1498840666'),(116,'ZAP','7183570d31277d16ff34b9897aefc014af526f8662d24c91c9409ed1249161ad',0,'937365003'),(117,'ZAP','75d46ac0af02ff5b4bef1943ca1f2b7796cb40053460dab69dd6c31adf2b81a0',0,'1204003833'),(118,'ZAP','e0f6a0a7057489f7d5cd687601da226a522ee59e28447895b8a027c122039ad4',0,'2051160507'),(119,'ZAP','0e7ca5d0f7bc3f3a908d86b3f789e045b49d73ff3eaac5efb0f99da2e8eb849a',0,'1176018622'),(120,'ZAP','d788a2330cca0d925018e6ce2dbfaa5eb67cd34b88ba9953f691bfbba7d5e3af',0,'1553819147'),(121,'ZAP','fa2e089edba6bb110e02c3026ec70e0b6a46b4c4de116303dd0a1a0166ea6d58',0,'1811007933'),(122,'ZAP','1cac1d2aa9f85d382887cf5eddc6caf8b3d47cb1bf310bf590e06c8a16974cfa',0,'1415154886'),(123,'ZAP','a2f9d5b1784d2def3ae4cc8183ad07740c20d6853f39558aa9749e7ec39b3091',0,'41649244'),(124,'ZAP','830cd70d376119015836c74b1663172329b515bbdade0febea6d7b042a3df9e4',0,'1743871638'),(125,'ZAP','fab9e7ce9cbbbf3bdbb5c3ea0834a72315be5b963763cbef76efbb7a86822cbf',0,'644400157'),(126,'ZAP','9e153fdfded8da9b01367ffd3f42b3a663bbd06e5648795d678b7922dfba0c5c',0,'1094461819'),(127,'ZAP','d876b656d81e8f7149e182fa6cd1e2dddce0c7f1d2e5c7c7b50c308b59d08e5b',0,'1439737386'),(128,'ZAP','b90d5b71c890c3bcea308e47a1bc83ebbfc27cfce61054d6bb74a645db91c5ae',0,'1290797866'),(129,'c:/Windows/system.ini','e6cdc15c1b90ef8799db1dd7e9e868d318f98f465fdc62a7d0decb9101e73deb',0,'1215505070'),(130,'c:\\\\Windows\\\\system.ini','d744af0779b2604e8dede26afac787023169a091840a35176a255f8df13a44c0',0,'961398929'),(131,'../../../../../../../../../../../../../../../','919b99ed79b98c3b99cb1fa41e6004298ad5de836ab90fc5b333948b06db02cd',0,'1134718079'),(132,'..\\\\..\\\\..\\\\..\\\\..\\\\..\\\\..\\\\..\\\\..\\\\..\\\\..\\\\.','2148fe26da0b44432ff3cae02b9c7352351cf6b07ddf45e82a3a0232a37bbffe',0,'1993189439'),(133,'/../../../../../../../../../../../../../../..','8b9413ceb70cb3941a5dba829675c767433c2a4ec14aa9b75d05b8f19a3de3bf',0,'1523539769'),(134,'\\\\..\\\\..\\\\..\\\\..\\\\..\\\\..\\\\..\\\\..\\\\..\\\\..\\\\..\\','dbbe0c171effdd53cf6db30f81f48b85afbe9612e5b49857a9215e83dbfa7d80',0,'1559512277'),(135,'Windows/system.ini','ba08afa31265276cd41a51f4fb0ab94c590c8543a6ada15f315fc26d372e32d7',0,'1615421820'),(136,'Windows\\\\system.ini','a6f8a1ca9c3b9c570bf8fd6b2c889b0e5180e8513083859652cbc1afe595a8c2',0,'2025263729'),(137,'/etc/passwd','794570433679c5181521102ec14c6fad8c861d1afd68b0756922004b078455c0',0,'2077044706'),(138,'../../../../../../../../../../../../../../../','1676c14a8cd12e3d1be1fe96c54b3f17df64d493ca16aa86f75082eed8c8bc10',0,'2135647179'),(139,'/../../../../../../../../../../../../../../..','6a3168d40cd04e7f5f5ea8964063657eda631bd5d402fe5f6c1b6a3b3afab64a',0,'1889015302'),(140,'etc/passwd','c43b0777eb9b2d0c1ffa1c94795d60fb400494593fc14bc5fd798d01ca2de82f',0,'1949449436'),(141,'WEB-INF/web.xml','a0d6cafc8a5ea2450affb9f82fcfa31b0ce5f28d55d05d6eb4d881bf4ac8ad97',0,'2001385267'),(142,'WEB-INF\\\\web.xml','8a7da0cca55cfdeae67ac7fd2882a9a154abf436c5360bc3192e32fe3e1ba76d',0,'1617570057'),(143,'/WEB-INF/web.xml','7d67af25b995e336bd79891f8a269f559094e3b982e50bc818371f38696f7d7d',0,'2124420639'),(144,'\\\\WEB-INF\\\\web.xml','02eb4a7bab0646c50ac6809774ea96db71636bb275cf93f8005febb9f4861492',0,'594143878'),(145,'../WEB-INF/web.xml','c9dbbc7d214b2fc3fa99703aed0c54f2741f9184260b91fda135a9d7e0118c2e',0,'1266097910'),(146,'..\\\\WEB-INF\\\\web.xml','cacad8798cea07089865efd6b7120d19535d979d6b6f57fbdd783a839faf845e',0,'550999363'),(147,'/../WEB-INF/web.xml','741540e288481239c4b48ae801809540c1ef5cd2c34580c660e476c6fe2f53c3',0,'1784794355'),(148,'\\\\..\\\\WEB-INF\\\\web.xml','4118ecbe90909db9d7329abc9561c93fbdabc7d839927c78439251c9f0c98f0c',0,'704932139'),(149,'../../WEB-INF/web.xml','0501dde981603c9c7c3f1bbc4e8e3f8f844031a8afa9769d2dafc2cb03a0e9c0',0,'1101287327'),(150,'..\\\\..\\\\WEB-INF\\\\web.xml','ed298fc87bc7a52f03c6f7f907fb99c289679b369817b12e0ae53e25cc0919a9',0,'1241782361'),(151,'/../../WEB-INF/web.xml','9b6f76bbbd9b300fe30baf814eae75c0a1ae191af60fa5476f892a44be8f6d7d',0,'768283912'),(152,'\\\\..\\\\..\\\\WEB-INF\\\\web.xml','96d7d1b119008d55966050124a7abeb95a35a41d333263054e4d1041e17fc10b',0,'906559890'),(153,'thishouldnotexistandhopefullyitwillnot','f5dc1353e163310b83e705b5e89e68544423f453ba57d0a93207f6fa5eaa2795',0,'1600293547'),(154,'ZAP','7dafb376b0b2f6b4b45dd532db6bc8b142ebca7bd0ef3826113dddc65bd39930',0,'925669258'),(155,'ZAP','b5e47673c992423dc101b418dfa80a1d45bb23dd73de615409f5e400b7335d85',0,'1668298489'),(156,'ZAP','5415316b6d8033c44ce152c3eb39e02715694db9bf6959eda7fa6d855ea4348e',0,'1515454579'),(157,'ZAP','2a6b9a8d7152b9f218d5e7fba8110c67c84d7119a76ddfff02fad89d73c7088c',0,'485587237'),(158,'ZAP','81188ac410c65fcbe9745666859844945f28e06eeb5cf6fa8adf6e3c08a577c9',0,'1692836253'),(159,'ZAP','81103a1219d427ff495ad2370b0019555a65ea9f0e720ccdfe54200d616b99b1',0,'332613630'),(160,'ZAP','8ebca4dfb275c71df5030f99b04e28ea9e0b3a1690655aaf9abed6abecc44467',0,'1165395785'),(161,'ZAP','695b2b79b62343e33a8509207f84c89dc1a57d73fec0b534a429fd0528521c4e',0,'1522551333'),(162,'ZAP','db183cfffe0670352d8fcd0630a0b580c9ceda47b8570e1793fa11e6d7c5d019',0,'1717403460'),(163,'ZAP','43372a3f2b1e857a9f825560190ff5119994dc38d81b4c6d130215937252ae27',0,'472548761'),(164,'ZAP','b019a4e3d22a27edda889055abf57a4b123bd0b3cd41198d2abf06cb64de7172',0,'528657489'),(165,'ZAP','c94930afa5866e1692449eb5f8bc9fa4948b9a565cc1eb100cb5c892693b5027',0,'990137178'),(166,'ZAP','bef628b439f2732cbad58194205603f71331c19dbae4eb328979cedee4eac8c1',0,'589941808'),(167,'ZAP','56275609123098596bdb8397a7a5b4fb848bb6b941f99059e99718f1d62e682a',0,'4725709'),(168,'ZAP','179929ae57793f85435765a53891e1b39ed2ffec8501d4020f5ae8447e4b7ac0',0,'2076785713'),(169,'ZAP','00aeb6319ab83fc6105dd4bed52ea3db6933eb23eb6c791b4b901af09e009ad8',0,'177460917'),(170,'ZAP','1d19652008ca132aac075f0992cae3dbb5495865cd3fd4600126ab36da2aec5e',0,'66298158'),(171,'ZAP','02612647b475543dc86383a4ca22974ac647764cc45efb482612c732ee101f0b',0,'1706098122'),(172,'ZAP','332cd945b281704c6d01bd5a7100315f106c1a701655e93f7116753f07a1d3ea',0,'1829245608'),(173,'ZAP','76b80dd910ebf6797f824a11ffd919679d5e4d69c2aed85ac4cb488662ae643b',0,'1475433953'),(174,'ZAP','49ec1c35fc51106153d9e5ee5353ddd3b076d7d842237cc8343d98d7fc8bf484',0,'932810819'),(175,'ZAP','d21a81ad00ed2f5d4b930440763185a95ed9c04f810ab53cccc0593e3394e8d3',0,'247818977'),(176,'ZAP','3f007f6c53e3fddf9ae8b2f1d416c3434d43af0989781b4c4d653f0bb1954e84',0,'788114956'),(177,'ZAP','8a8baa0fce83c65a67ae5e23ffe1ab9b62e44244cb7dcc98adc769bedbcb48e0',0,'2121444197'),(178,'ZAP','921b2625c10170db69063ee0120a98a48ae9e1eaba5052fe05968cc98a594feb',0,'1806099694'),(179,'ZAP','2657e5213b2f45cb5af8739cec8988a191e10730427f384cd562b67affca3b5c',0,'181945037'),(180,'ZAP','0f149b839d289570cc24f3c9af2cde30ee4824f7b4014da39f114c331db85485',0,'154770821'),(181,'ZAP','deaa589133c9c8a533f42c4b9bdf8d75f429380cf8e509de76c164867e853bd5',0,'467518042'),(182,'ZAP','179859160c889e18ec052edcc7932848bc175f323c17f95fd711146b0ac8ce36',0,'724503649'),(183,'ZAP','6aced126a8aa9b15c78d263d7be5ecefb6b9f0a3c8133b77e60bcc34c1517386',0,'626112558'),(184,'ZAP','b53bcfe9378e05694ab1d8a333a018a775595e3f6f53f8cb95f9d0168f100681',0,'1535427501'),(185,'ZAP','fd0b325b5d33ad12ba3cdf0f6ef54186cde96389c108eb1d4424c8d5ab038293',0,'515332843'),(186,'ZAP','6499e6785ff0f12c81544e55f2a727d3993a728f5eca29275acedd4bc40c379a',0,'357486023'),(187,'ZAP','d2ebcd51873f9bf7708595bd10fdc45309703cbf6485ea69fb1e8a97406819ff',0,'1548403167'),(188,'ZAP','135cdfddddb17dd5c165b7fe0622a7312fe621b9d6215e4a7524d01c63b7ab95',0,'1328964631'),(189,'ZAP','0bb6416b264c291c8a8f23389200fcd8de720971571404b34e5dc4adb5b9fa13',0,'496597875'),(190,'ZAP','672bfede05d863c5ceced35f712a0b3779c8b79321ca1e921d3a80c970a7579d',0,'549897510'),(191,'ZAP','7f69ce242c12e8ce740c6c413d37acb3f9be148f63c5e1692875691efd65cd00',0,'1991332234'),(192,'ZAP','8da287f3ce3c1257edf323745818f918ff14c613ad9d6be54b2f315434d4a3a0',0,'1355540508'),(193,'ZAP','ee14657d5a1b161143485cb0bc6ad67b1d47b1c98aee46a97cf1f1ca30e84659',0,'1782285596'),(194,'ZAP','5d7b81eed4b400b6e903e6e774b021553eb901b54d8e4e8a2d020b55c0717ba9',0,'1305601890'),(195,'ZAP','82b46fbb8ad7ebb66304b02c155f607f7870b605867181f5678330ff43752e3b',0,'2104144213'),(196,'ZAP','1575a1d4441c5c28058dc85a790bacfdca0b49ade47849a10e7ec7bdecb9b4d8',0,'1655692074'),(197,'ZAP','cedf5d0dc4778e7227d44e808d761b4dedb62c9b82cb344f474b5fc4c5764ddc',0,'1943956307'),(198,'ZAP','5635a66d031db7daa0a0fe9a4f556c1ff5ef0d29b97c3b9249c0c440618d2a35',0,'1285101567'),(199,'ZAP','06758bc9f1a5d2081791fe55575670297bb726812059700e1c809bed7416c010',0,'9345175'),(200,'ZAP','6102421f99e8dca38a51140cf7d131e1cadb556fe81b5abaa5112632163800e4',0,'1047133544'),(201,'ZAP','b55acbcf737bceff40b7e5bcba00c4326ce9cd0cfa1a47e2ebdecd05c51495e4',0,'938050397'),(202,'ZAP','3fdcd7bed27b762454908d1663c2d7e6bc7b1932ebcfba3774296639892cf578',0,'1509593693'),(203,'ZAP','88ceec2797e42e4bc4fe7340a3a80328cc5c64aa96464f9a0f71bb86fce9c863',0,'2147431801'),(204,'ZAP','a82bd7b6d7ebed96bfdda9e46c7caaa804e34a9e398782e42655b17627c7badb',0,'1263602412'),(205,'ZAP','6d13f03cd5d3b09cd544a02025b3de799b5a71d6342c94cdacd4c663f3dafe2a',0,'2133577235'),(206,'ZAP','a311d31e6ceb462d851fccb8d3924ff3a60126ae90f2d7d2d904843a4fc54ad3',0,'1054382760'),(207,'ZAP','47f375e7dce2aaafca4d296796e52b11e676b0d72e64578575c5647855b7de90',0,'1824714767'),(208,'ZAP','eaa9d149579c63d6d2c65603095aad87ee8b4b0299404d9ed33dc928dc5182f6',0,'108946699'),(209,'ZAP','60206d2dfe5de0a3f4781de5b819a640af41e72cdbbfe960ded55c2f132f8bea',0,'1857971628'),(210,'ZAP','918f72c7119e0edab050ad690159f062972c894ded6005d5dbb540e02180bc37',0,'852748849'),(211,'ZAP','3bd6db320b0924d7138d78f0dcdc1074604ea692b82d62e873e0917c38316d5e',0,'1848454693'),(212,'ZAP','26bdcf7f0b134043b217287440b6445092186d14164c6a8462c9812e4d654bab',0,'1592244349'),(213,'ZAP','ee1472aa4363f4202e03da084ce721dad42da4fc84713b5b7970f78e1ae6c385',0,'586670880'),(214,'http://www.google.com/','2436716f010685348bb2cb5776b104e8835c4ece094fdafcdd315fd27d189ca5',0,'1742867131'),(215,'http://www.google.com:80/','695a04bbb1d89b4b278424222edfb459d5745c4aae7cb76aef94bd071b3ea7ad',0,'1674493678'),(216,'http://www.google.com','fa5014ad1d88160823b7f3a3ccf46b845c38c58369b67d6346da3c0918cd71af',0,'1803447331'),(217,'http://www.google.com/search?q=OWASP%20ZAP','9ada7c81731d9fdb8edcdce0b051cabc87f05a9f32d822bd9897940f156cd869',0,'1031795294'),(218,'http://www.google.com:80/search?q=OWASP%20ZAP','3b847312b06f1d9e5f7444d6f9b8e46605355c7a9f7627b2e6eba7b164f4b34e',0,'407531683'),(219,'www.google.com/','80f1c8e507d7596e7a03239838fb7679f04e6fbcf6c46b7f6ccf08e7e48f5c92',0,'2089664031'),(220,'www.google.com:80/','caa832d3ddf42c37b147d166cbfeda2e8e878253365053e6d733a55120f7f328',0,'2140584410'),(221,'www.google.com','603099603faf948c5719ca8dcb42ab1838c7eb0ffa8d081a07a7f101bbab1784',0,'310791174'),(222,'www.google.com/search?q=OWASP%20ZAP','95ed5c83c967ce7f38d1d600f2d88cdbaf515174b0f746adf28be70f4e8bb625',0,'299992246'),(223,'www.google.com:80/search?q=OWASP%20ZAP','37957d4a4755b5c62588a44ef993d5f8f47e5f41824d345079d4929a02bab7db',0,'2055393739'),(224,'ZAP','972bf3fa04f5add17294e67aefbee0aca1f96aa6b9f3b113467d03b08d705c69',0,'76430355'),(225,'ZAP','5837ece97c2602db218de63a0b6d70a716f6997335dff3a10015a3cfe0111c03',0,'850848627'),(226,'ZAP','3213b8a493b9b2e198677d0b06bbd699c72c11ae2e19e38fcad6c7cc863c97e0',0,'67804455'),(227,'ZAP','b09f3e11e253f5e2637ae347740d659b8dd195e5c08c33bcaf48ad5111b4fb90',0,'631355911'),(228,'ZAP','6d6e4083bc1b9948cd50270e48c17a042cc0d8881404cf594bfcaea8a4fc05c3',0,'1776402156'),(229,'ZAP','ddfef8445e636083aa2cd65b01131491a42916973abe48539b470f124f37405e',0,'1875721728'),(230,'ZAP','3292e511c7920ceb6498b777f86b1eee3df57dc3b26f00b49d392e6fd49f8316',0,'906210222'),(231,'ZAP','56024cf58b7a23e8732ce7f800e71a16b6be15cc4c3cb928be252b4f0b641ad3',0,'974541490'),(232,'ZAP','d2d79ab3e7acbeee33aa3ea511350bcf25a35283a5ceb68c53147385893f93ef',0,'1500427086'),(233,'ZAP','ede3d7e1a62c8cfcd0245c4700e599d8748e8243b2d1b9b3c50eed1b1e82efac',0,'2045066452'),(234,'ZAP','52dbbb7d45a76d99627363788acc3134df95bb6a9c7a6a9222cee9303a6cfc7d',0,'991505619'),(235,'ZAP','5463b3d7d415d8a5c94f26cd64972eec68a3a3d44d5545a2fc59c3eec476ae55',0,'1652052174'),(236,'ZAP','78d743d5337309bfef8ad89c100843bcdea6876877372a88a43d238f1c2abbae',0,'321746651'),(237,'ZAP','544b0f5e22833503be62d874d9e659d2e8d785b2656d78d94f1dd97f8083111c',0,'1347455690'),(238,'ZAP','207e351afb3652fb5d7f2bc4aea683766fb392ae29233970f7ac2c851a81e38e',0,'1471822802'),(239,'ZAP','42fef63eea9c1071280dfff586826cb8feced35a597b6837063ef81ca255e3d5',0,'1135290009'),(240,'ZAP','60759dfb1583f7880368697aaedcc0628b4a914dbc693f4ea757b0f5f2db3d23',0,'598605200'),(241,'ZAP','f71b8be3b0a452a035c855661e443d83093939445e01494db678f95402f7417e',0,'1119069498'),(242,'ZAP','5a983d54d33971872a9b53d4c6e9b78bfc2c00f63f0a326a55531e65e0a9e755',0,'802298116'),(243,'ZAP','80fcdf7b51c0610a813494c0de9e6911aa024489922804eda666f8068f542a7d',0,'737456455'),(244,'ZAP','ccf490dd27ffef760e1ab40ffd655c91a6932de355f3a04a9581d623d3260126',0,'235298314'),(245,'ZAP','b1550141f487207cbfaa918ec313e05c00436402babc88ad5dabff2258b0fdfa',0,'841479206'),(246,'ZAP','5f45449a56d5350955a5c4e21b9e6d168c25bb6b52487cfaf2b1500577169e23',0,'524630565'),(247,'ZAP','dc16c38fbfa4cc02bcff2f76cc36925f1eafea843bbaf176b2c5bc2e98f4c4bb',0,'1078363054'),(248,'','4fe1f6701a4a737f4e8ea1937b74dccfbf8113ef3993c9257878eeea842a68fd',0,'1837563538'),(249,'\\\">','4f8b6e12f39da9317e7a13ccb028265aebeb2c3cc33123c1eeb83b35b7f215f7',0,'1441064301'),(250,'','9cec8d6a36b765bb18dc7f73cdd92a6671dec40de48074192276150355532e25',0,'1922255636'),(251,'\\\">','26fa3431b55bfb527c7809f4fdb4fb74bc326d3991912ba637c44804a9e1b7ba',0,'454580836'),(252,'ZAP','6c95da8f25efcd525c1ab488b55c87ec470fe7bb9c83014971afe2353ba8a88d',0,'208262606'),(253,'ZAP','d687f3a5e11f23c0f07046dba57ab559e5b4f92f8b73ec66b0832fc4a992cc66',0,'315236036'),(254,'ZAP','abd95847891bee32e4f808aa3bb33b75e10077b28f9507fecde5bb9680067752',0,'141361678'),(255,'ZAP','6ad73a7913ecae86e390f677dcac111f3579ea96fd21edc9312b5b568120197a',0,'248248014'),(256,'ZAP','875190bf299c292b2ca6664f2993a8baee212ca59801d7984af5fa7a0c131408',0,'765229802'),(257,'ZAP','b7bdcda406ec4ff8f57bd72b536eb1dcc8358b08f492bdca9c813aeb1519db70',0,'2067145410'),(258,'ZAP','67a987a9f810f38b30975d7c451912a224f87ccad26f4d66e6c107d8b29276b1',0,'1708816381'),(259,'ZAP','d1cf0acd8f049d9c5604a2c5bcbf6441d0853cbeec854f650c2fe717ce45229a',0,'1939072829'),(260,'ZAP','f2fa57c56679ba0087414d89df6d1f2d5a3eef3c199504daa2eeaf78bcbf7531',0,'975961222'),(261,'ZAP','b9c34d18f603bdb85fa9728f8c2f6eceac6579be6fad7de99d1824282456c2a3',0,'2039616588'),(262,'ZAP','ce6a0eceadc8d1b89a72803d6979a9f4eff3cc68167c3a7637ec34800f4406d1',0,'905632877'),(263,'0W45pz4p','a3c099a335c1de33b5b3f2a5690bf27a994e36665291db8b22cfbf8b671078a9',0,'1213504676'),(264,'ZAP0W45pz4p','16083b3adc43a01f418a06e84fd3de0ae8787a2857934901a72f4d893597fd64',0,'388821454'),(265,'\\\'\\\"alert(1);','4ec82f4535b03b579b99e66c31b766f8e6dcda56f5f7f3c60a01405576240840',0,'383003931'),(266,'ZAP','c1bf611ca51800cc7b5b75d32f1b5a09c1dd7705a13ddaa46ba44a002c2d18e2',0,'1993491402'),(267,'ZAP','99df1a8f4e90b8ece1d0c20a04520ae81e8f266fac516d42ec191d3aa5f62dfb',0,'1667551076'),(268,'ZAP','82b56dce98cb8252c25f9ccaf50ccf6b26f0282c1302c73c3e58e3ca9469f2c9',0,'1004307495'),(269,'ZAP','342ba5dd28de13881c0dc1cdc3c5dc7f60adfeeb77a3b6fdd84db7d5c3aeaea8',0,'1889215613'),(270,'ZAP','b26e98c8a245e146f55e4531662a769d5290747685a33e58b8889b67aaa02ded',0,'1859491749'),(271,'ZAP','e3bb98777b43a6dde495a23b0679e89bd9b99accf12ff0b7a48930886dd09fe5',0,'151431525'),(272,'ZAP','1ec0eb750bcfa67eb3ff931c170bb784c8824a28914d51bebc779bb71e53c00b',0,'1914192250'),(273,'ZAP','9a2f3f0c5a5f470a45bc4b1c38130e1e7747c268f88ae21a97a54fc97b6b43ca',0,'409373886'),(274,'ZAP','c052d6ed542695c9edd585c1e3e18dc04f1a136d920db450b3a3d60038ca9d1b',0,'338755317'),(275,'ZAP','612ede8f770142430a08a2a11bc4fe819dfa2cc4b5ad99e3321855a9f38e4fef',0,'1855204402'),(276,'ZAP','ae2d6e20c482229659e6cbf708fc7f6e7e26ae724aeffca95d3569a49e54b24f',0,'23332431'),(277,'ZAP','6421098eefc2dfe5d2f45b0f0923316a0f268ca1911d65cd01ef1ed59832d286',0,'1218171674'),(278,'ZAP','84d407594fe0c41bbcfcdfcd90471e20dc92382d1b340109500717b2b37d642b',0,'1234433592'),(279,'ZAP','f786816e0326b71d186448f179191847f182b9729c7fb09e5b44574b200a5f7a',0,'1352692374'),(280,'ZAP','4f26a089c61dd4f5255fb1550a9961ed76f56559712831683eedf728e70502ea',0,'124586441'),(281,'ZAP','4b3bfe254850f1b5dcf10a14fa009adb39b54d1f5a97b5e5ba14c53d0b959b16',0,'1688566738'),(282,'ZAP','2b9e2172e576c0a72b48f7fadfecc0c445ec61f5fc87f628a0207e28568d2995',0,'1583134043'),(283,'ZAP','2c5d65ef0dbe7d1b41380b51564d0f088bc53411f810d3ad618bc6638e892a16',0,'1211680500'),(284,'ZAP','a128e145eba1afb7c8d75384e35ab6ef22030ee8f23564296c0f14416460895f',0,'713462421'),(285,'ZAP','b6ea3a3ca2355421761dc391f747bb3d8f1f8a6ecdb258445b6386f5077d90bd',0,'1286543727'),(286,'ZAP','4506708dbdebcea3ff76b178e6f401a4c60d755dedd6627184f1d8a47487ae39',0,'1867944096'),(287,'ZAP','484d27cb6d46761015af22ec35a3de328ce472e00e0190fd3e52c71c4b5bbdd1',0,'280919542'),(288,'ZAP','6c0f6e53e41c5861d6a84973bf42beb0cf632681222ab6c98d20ff002bd168bb',0,'504291765'),(289,'ZAP','519a5859a0a03e79f8e3814610cc377500643c589897de770f2ffe0f481dc4aa',0,'628936721'),(290,'ZAP','8bd1ee9487b1c39b68c7780f50a31e6933f7679a83d4ed7c202b20025d7b61ed',0,'890533314'),(291,'ZAP','9358645d995a4b91792e95b4be160a1ee9af28d7d26d7cd1cea8fa5f78c3635c',0,'974431753'),(292,'ZAP','4eec0600f6944a507f1bf7cda91f81b26616f33cfb90c70acc945f7f0344ba2e',0,'571374276'),(293,'ZAP','10acebeb037e164ec19aba8101140f0a5a1e0dd9671e6b182d86324b84384a7e',0,'1631501994'),(294,'ZAP','2a7de781f5eae9062b2716c7e24fff26e4d2061fff93b6d293936e6b4044fb3b',0,'1793618466'),(295,'ZAP','eb2260bc2c353e2b648d63ab36d31173e49be2385673dae1412355391c63d702',0,'584149376'),(296,'ZAP','009fa935003d40350ed729ebe5e9afd73e1ea8c659f1dfae0763495c8dbe4427',0,'400155051'),(297,'ZAP','fa3347b6c68d8da0872bf9a5f5240a97581ad36b758d37001350584569024923',0,'676483978'),(298,'\\\'','5d1c6e1dd3be9414cb4a994b92e6a78ce0680a1680d493c939d890dc282b535d',0,'614923734'),(299,'ZAP\\\'','7864c26ea560fb920dc065d74a3e26875d9f6f0e55c197f835905f39cef052a9',0,'624882800'),(300,'\\\"','17ac3f8eea857cd8c54008533e1749697646929a78b126ab405fdee6868e9f75',0,'702909254'),(301,'ZAP\\\"','1efdd1408973595415b7eb92ee1835bb9d8073409a401ccadd0917d9f9d54574',0,'1597048609'),(302,';','94c59860150cfe5af0b405fa9db902a4d323cb9fe004bc3e4b2a3cdc3590122e',0,'768772940'),(303,'ZAP;','877bbf83a94eeca1c5edae492909576b4f0e1afcc94c54e31c295148df420ed8',0,'344550438'),(304,')','434d8226af9bf2b3de48f973b76a32514f6f2bec6dac752472944762096927ed',0,'1096056629'),(305,'ZAP)','2ceba58ff7edc9664d5b48f109dea8a6e9e612e493e2ce7cde5223f1b8c11c63',0,'2088661982'),(306,'ZAP','694fca2bc4c5a92084cc61dace3404e7e0801f5e83092569ab766fe08439d063',0,'1220945277'),(307,'ZAP','89f4f31e81d004e268e3fe87e318fe7c4e4f90173842a54ca3dcf3b687590a8b',0,'673216787'),(308,'ZAP AND 1=1 -- ','0383ca16a3fc878e30dacf32e0ff5f4616f62289e0d84f97840e607be3275bb8',0,'789198689'),(309,'ZAP AND 1=2 -- ','dedde11ca2bb3f2d708ae2e20cd3b13b53a310220e0bd2305b2e8459315886f7',0,'317562484'),(310,'ZAP OR 1=1 -- ','cd9444ca9f348b1964200e49f19a1bac46fc27988162364b5f96ad7e6dc56a36',0,'405923845'),(311,'ZAP AND 1=2 -- ','9b852b5b9ad304a080866ee20b7107a0f691c33111c7961d875890aaea9a65df',0,'1972776773'),(312,'ZAP OR 1=1 -- ','3a3896df66fca22be09f79ce2357bcd9bf95d7f0692acaf74b47642db1934959',0,'1112596541'),(313,'ZAP\\\' AND \\\'1\\\'=\\\'1\\\' -- ','358a598d1533a70455784a8ff77a3b9bdc16da923adb427d0de5cf33235b2b1c',0,'1124622137'),(314,'ZAP\\\' AND \\\'1\\\'=\\\'2\\\' -- ','02c67b953026aba482c3d15e6ab572b31e35d12470d9d40d9b25740b24e68ffa',0,'79552286'),(315,'ZAP\\\' OR \\\'1\\\'=\\\'1\\\' -- ','56d0d3d643db088246f76b07228129946916b9f574cba15c38f7eb5f78138da8',0,'602046175'),(316,'ZAP\\\' AND \\\'1\\\'=\\\'2\\\' -- ','bb013a50ca295e5ad4080a4529c41798a42e7c50b091d0da67b05b7e25286708',0,'110130541'),(317,'ZAP\\\' OR \\\'1\\\'=\\\'1\\\' -- ','3c0632a9b19641378a2bd4f03d1acbf68d762f063c7a5fdbfa5e3121de9093de',0,'960011204'),(318,'ZAP UNION ALL select NULL -- ','be6af36d04b5cecf96dd11b529277345653568e0feee2ca807bd4b715c7eee22',0,'970327928'),(319,'ZAP\\\' UNION ALL select NULL -- ','282392c9d7159bd249dbb3f9b90839b90808b968b867f0eb2a91dd41c5917d7c',0,'1103506826'),(320,'ZAP\\\" UNION ALL select NULL -- ','d566fdc2a2d44c3ac6a1b703f12f57dabad2b5a4dfa6bbd5f422604b97c20b1c',0,'1639064564'),(321,'ZAP) UNION ALL select NULL -- ','da7ca2f63e2396d3a88273a4048649d832f754eebd9b65b9ce6910e701e487a0',0,'726719806'),(322,'ZAP\\\') UNION ALL select NULL -- ','a13da603ca804121b44329756b0ab674986f1d9b52ed858979352324bdf6930b',0,'871928142'),(323,'ZAP','83566b44432fee5f2613198132adb5096ca012b7b62fb479b0ce052ee2e3c018',0,'678048683'),(324,'ZAP','9244db1abc8e9111ff47d0afe4fc86fa0226946e951c8127f8641f6976867d5a',0,'1662396995'),(325,'ZAP','8da6e47892e6ad3049bfd3458aae0e0f1917792cb13f455297252e2aa9d77717',0,'2079412180'),(326,'ZAP','77ada48b2da72cc3d6e7588611ab4e829add2bf8b30445edc98e1c61ae7d33fb',0,'1072429641'),(327,'ZAP','4bf8392cef4ba365a2bb018cb1bdb7c4a971c9907c6ef7b58147f7abe8b16ea4',0,'802635124'),(328,'ZAP','d6598b35ae65c4231c2d28439587512337040c59b6930cde785b1ebe9f12e0aa',0,'726593847'),(329,'ZAP','38ac0d52dd5f5b433fe9fd85ad2e2a5e0979aa1ba47162d6be1ee4270a6bb958',0,'645390954'),(330,'ZAP','c164e0e45da835640be8d7c41fe0f41aceb2bdcf58a3271710b78c57cf2f26b9',0,'2089178851'),(331,'ZAP','1cf1cb820b60f6afb07fe6a1938c9c4fa90d87b79acf434f82eb5d740929bd55',0,'2003659105'),(332,'ZAP','f30055db3054dacf230f6158a469f6b7d6100f41afc13fa7f2a45c95c0acff77',0,'1639733929'),(333,'ZAP','a83340cd63c211e94b3446347ae5bc2db579fb28b6afce852cdd46368109b040',0,'447054295'),(334,'ZAP','ce03bdcd58808148314b4644250f9dbda8ed0b786dcfea5855455095481c5b75',0,'926310496'),(335,'ZAP','f7c579c59a537c039dc9e38ad89455bb53f8ff6fbf6c063815a3d440d8d7c761',0,'1743790746'),(336,'ZAP','c27891c2aea609af1dc43a4736f3b1b564db071e4b94668563da059c4ee1dc1d',0,'1486619348'),(337,'ZAP','3c7bd71962ddab4cc5ffb87542054738e3211118cdd6b0633d5b4659fdc9db0d',0,'445986969'),(338,'ZAP','ba2daf136a6593d80631ecf588118e6e14586923034c7abc7b88d236d7094d8c',0,'1047819484'),(339,'ZAP','6153ccf7fb6fdfab1d275946904c7939d38d7ead9f04f0a2790c7e33eb19f9b3',0,'546944933'),(340,'ZAP','74c51567df20a4af8a1d1198e732cb387c1aea519fbdb29a7a1cbad34954fc82',0,'1075991016'),(341,'ZAP','11ede959743e29a16e8d026127c640dc04775fbc35298fc19b4abac4162c3423',0,'1816843810'),(342,'ZAP','a6961cba30dc0acd59069b6d5ace224835c7ec8e3afd90c33bf182e58751aead',0,'152289567'),(343,'ZAP','ebc5710a33cb0617c930bd6aab0a43702c874794e6b64df03d32d518ebea25ba',0,'118546292'),(344,'ZAP','75f291a12769d441109d87e6511d9da753d3cdb4848692d7e670f4d94f7a8091',0,'1420418722'),(345,'ZAP','6024af0b1fa26028056b0a11ac86149145f8c40420910cda9432f8fdcb548cf9',0,'1647365293'),(346,'ZAP','2adec204f642f70b2e0e38bf0efeae94d739e58dbffdb62d7872c30f58ba0c67',0,'17644883'),(347,'ZAP','0cd0bffd47eac5319d027e72d494584d9846ebf2aa943642040c62f9e74ced89',0,'1187308252'),(348,'ZAP','915145177d24eb9a1f51615b9be05ab16179504b0e38c6b0c21d1ea9d461ef12',0,'1171349407'),(349,'ZAP','274126ca4472a114e38c36ba8b0067e3f01d68587a0e05b850c83164879bfb02',0,'427018770'),(350,'ZAP','14f871a83041ecfa1bc7b7d5babab946b24b6f57a806e0c793142d51c2e793d6',0,'1300862156'),(351,'ZAP','5220ecdcb1e62fb3acec45b738abaa8d099a21593bfc4c995a234b0409138731',0,'1066553540'),(352,'ZAP','3d7401330d1d43835cdaa8438bf36ac6a69f0c2fc85d6f29cf5427e8169ccf4b',0,'1526063570'),(353,'ZAP','01e29fdf99eb476a54e40d1ea82cf4b70d2018cd52fe97d60056ab54ce7671b0',0,'242037433'),(354,'ZAP','a80f34b33be3dd1cd4427bb7e0994ae6d1be17eaaa0efdd784d4c96be03ce17f',0,'84031021'),(355,'ZAP','034c101c9d37177fe10c60f2766614d591d54d4998d5ed48498475755526cc0b',0,'1701017207'),(356,'ZAP','a7baaefe3051f8f444c9af4fd0a8fdedc06297295b723ce16fc6a73de0310468',0,'1661452362'),(357,'ZAP','433caada66d69a5157d22013b57e17e6228a880d3f617226fe26e2ebddfea6dc',0,'1067146660'),(358,'ZAP','c0a251f7a5ef171e1fca48b53fd9c517b0ad886d6f61c2ad25519b6ec89903a9',0,'1825171477'),(359,'ZAP','484c636a60c383f498e92c5c1a1e6711d881799487d72f899a2451302f91f523',0,'1743037518'),(360,'ZAP','e97ecb48670a7e7c24aa78cb37488071652d47a19b5df55c02c2ba1d2c3459c8',0,'708913821'),(361,'ZAP','7c51da85852ff50552630cd1dca1d33ad112548edfc4c2bea80aca6e4b20c7d8',0,'128892449'),(362,'ZAP','e5425e8889c02f708cc88f449c78f5b14d8981ead1760c41ce43fa00d8bb57aa',0,'256442813'),(363,'ZAP','db5b2b6c7b8dc4eb4606e3499e8934b14b3e917180f564f979fb9d64a264d7c7',0,'364326811'),(364,'ZAP','df1d7c297cba76ff743d4b1997234dc536960b407908f44dc4ecff3b3fc2c0a9',0,'516711621'),(365,'ZAP','d3650f5462d1d3a7ba4d03500fb96e6c676daf5d2bc97696fd0fb042acddcaf8',0,'22238267'),(366,'ZAP','c69d5fe7508d72bdd59b259db3e1700cdafe2294d93236deca159a53d13ed01d',0,'1929859098'),(367,'ZAP','debaecbb4eaa5e2461c52cf7f54fd7992ba3912c08c6a400a65b495e4affd06d',0,'929659600'),(368,'ZAP','1a9eaf8a8f31ee306a7bb412a3e2775345502271e2ab387753af3ee470f48dc5',0,'1224949078'),(369,'ZAP','7accbfaed23d41106bbfd73fe0edce085f9b6ec86f0430050223bd6164a6f5eb',0,'1265237043'),(370,'ZAP','74fa86641ea82708b56279650e9fee4da54f65bbcb208a889a07907743701898',0,'1839273479'),(371,'ZAP','47707db4233c56d0545dc185aedb7bf90f3d607cf33f14b5794bc768865009ed',0,'901564577'),(372,'ZAP','c12b79c3d28de3a2cdbd67d95bf38340dc9834666e662988d6028a65a42a9c3b',0,'721033719'),(373,'ZAP','48e319f8fffd3b2dd004e6ba8b72babee7c8f8f8d0d3655d43b84d09bc46e9f7',0,'1657918996'),(374,'ZAP','0b158b3b9a7eb386c0f382ed5664a12c7d3173bbe45908c790418fd08f0c8dfd',0,'1130216178'),(375,'ZAP','7210a79aea730dbe908bbc9b0ad481e64c55e7ba8d1e65f944b58c58e6858ac6',0,'1914505207'),(376,'ZAP','ce74dbaa95b00b5e731cf0a8c7eff92db37eee82e24414883eb9c09a115ce60f',0,'1472693913'),(377,'ZAP','365ea7b368c3583f439575fe39bc6713d60128950bbd69eb15a68296dccb55f5',0,'990942400'),(378,'ZAP','d40fc404fd171d9037bf34d32089c6001b2a2566f08c7cb0cfad4a7b63593292',0,'2135786395'),(379,'ZAP','3d2bc2c4286e0f2e426fd8029fe5d11fce63527fb556935c1a86cfec0969963d',0,'1831107811'),(380,'ZAP','8ce329ffae2ed2ffaec5f80e2da7cd0d2ba3e6ffad2500355e469cee55aa72ae',0,'1840115035'),(381,'ZAP','74032b2c2803e50e5cbd3d7deed5f94a13e5bd7410309ca831084dabd41465e5',0,'623709808'),(382,'ZAP','f113b00ad72c0c9c568f86778936c56318979387c11a8abf5ef6169dce475f22',0,'1487143414'),(383,'ZAP','d995b5efc48bfacbf54d7be6e7c91cea8df890c29753f3fbb939f6fac064e65f',0,'2035665701'),(384,'ZAP','9288527bc61ffd57136390b71b4d99fdbeecbee0ebff126e0c46fca670fa5e6c',0,'620989166'),(385,'ZAP','b8368a9d3cad03f677e09aea03ead5b61fe226d22e07a0e8d78a78683122d2fe',0,'621449483'),(386,'ZAP','faacd22313a2f800b1672afc8e42fb765766bf424acd8fff5bfc9324c33e7aa2',0,'868650010'),(387,'\\\";print(chr(122).chr(97).chr(112).chr(95).ch','0e3514a0e63cb904d0a84194ef1058738bed01e529694a58cad952ce5d647139',0,'999327526'),(388,'\\\';print(chr(122).chr(97).chr(112).chr(95).ch','9da288866b46b06dc517a56c29b24693483fe0c92cda6455012fa2b896314f88',0,'1150667699'),(389,'${@print(chr(122).chr(97).chr(112).chr(95).ch','0bf3480ca5a9691de5edaeeff8b1878e24f359364916d2ba01d74f7188af5cb1',0,'2036144052'),(390,'${@print(chr(122).chr(97).chr(112).chr(95).ch','1ee78313e030d4f3f8320d99b70d67a398a31a5142a6459d965fd578caaccc82',0,'1456023823'),(391,';print(chr(122).chr(97).chr(112).chr(95).chr(','b2d4e4b58927531dfee8470823765ff94672e6794a2e271c997baabd4e1d9b25',0,'421772059'),(392,'\\\"+response.write([100,000*100,000)+\\\"','5c9f451123ca3fe867827dbbe4bf1b9d86f0bab01a21297be5450dc67ee92174',0,'910299254'),(393,'+response.write({0}*{1})+','7491f6906246e685049227fcdd6adf585d3ded08dbcfcd858d640e098383e310',0,'747055690'),(394,'response.write(100,000*100,000)','513df4e8aeb1360fbb3ae61a4af72d69cc6190c2c855bcbe61e5f130c151cdcb',0,'1463072156'),(395,'ZAP','01c44c37df8be32547640a76aae2f492269df02c1ce4cbc076d043f267176091',0,'533060561'),(396,'ZAP','773e08ccb72c8013f54f4aaa5c8480bfbc275379e5598b0003ca021d69b129cd',0,'896783643'),(397,'ZAP','dd70b89a1fd3e7255a3d695ca2d2e4572d8c3ea1208fe52b7284b1598b55d232',0,'1570336642'),(398,'ZAP','86ae334ead0b40e42f67cbbf62669aa220eb41aad3755d75fe24f086667647aa',0,'2004761073'),(399,'ZAP','c12302f49b52d4100d3c5f7a8a2ee2c6b1ee0592be61da38cddcb1b60ade997f',0,'528228801'),(400,'ZAP','11c3012193f358d8e4dbe20f9c0c9c741ce4af2c062594f1ac196c32dd44cc77',0,'39309428'),(401,'ZAP','d9c4ba47b9970942bce58847f4e49bb78ed7bb0a812e552ff904b47d9130ea82',0,'260741142'),(402,'ZAP','48e622412a55bcc65ac91e20b95c26a9502d72d0328129e8af5b196416f3a21d',0,'1823858428'),(403,'ZAP','60b93dd7c607be09791dbfabe50a0f71a61ed26002f6ae9c7940f6538e3fd191',0,'623913819'),(404,'ZAP','526e0c43d76a6711fb2a4048130eb23677a20395d8a7d149dc0a51cd222e2cff',0,'1072782496'),(405,'ZAP','b242b8204067c6f6acebe7192770f8a0cf4dfa5147adabd89d005ad2928b5879',0,'181569327'),(406,'ZAP','b0ac789961c5332eac22665039bbf4748ec050f76774fa270930703bfa030308',0,'1000708357'),(407,'ZAP','cbea21044596a72bf3a4221811b1a7629eb400c1d6c480366224307582824d8a',0,'1854456313'),(408,'ZAP','47d4b62f19e64a8b02b5880d4b2f27ac7c22d6f22c30943579f5924c71e8b379',0,'1199914549'),(409,'ZAP','55e1901fc4b3b215838e95df0888cf82c91d801b3572b959ff55fc3f9c2d9c07',0,'540720668'),(410,'ZAP','161a8dda8954d9ab28df220a28966c8a94538efb54bae85ac20bf009d9607994',0,'878488438'),(411,'ZAP','18af9e7a92949ceee2cc23c3e3a5f4afe0bfe45b1527d1a52d8f8396b5aaf499',0,'1251667856'),(412,'ZAP','0262d3cfe87a711d019f919601b171f9428ccae41611a6212380845d1872c9c0',0,'1879245445'),(413,'ZAP','2fca7a44f0b961b5cd5475d8e72edf0d9f4bb29b36de03ee2088e61a14bc8ff6',0,'125411193'),(414,'ZAP','9e2fe7620dde59e2be496f51074b9246c028cdb12d176ddc22ae514376c14a8f',0,'1947280312'),(415,'ZAP','34c271bfbaa1e182e5c7a34576bad4cd3dbad97b3d4a282f84acf955fcb55d27',0,'1598132908'),(416,'ZAP','7e6b961690104e78208ae0dcfd87b54854da6bf68fc4f5d7fa6e67cdf6c78064',0,'1362555278'),(417,'ZAP','67b38dc8227b4d242e0f16d673f004248d8f1434ae70cb47b87818a9efd4b7e2',0,'1226698521'),(418,'ZAP','6c18358ae22044589b0f75aea5702973149cbdeae45dd8a65836e51924482635',0,'1146904400'),(419,'ZAP','88f224fb56d7ba35272ebd356bd856cc2dfeb5c2fbc3169fb14f3fee2f11ddd3',0,'973544158'),(420,'ZAP','47bcddc8ca392b9290c2eb53d4a647cd02a88cff06b80c22ba4035537656aa06',0,'218933172'),(421,'ZAP','1c6ca9ca38bbf20eb4288ca8f7dae6eca3840322bc347e989d81e5a8e332c9ea',0,'706356554'),(422,'ZAP','64b806744bd6700c1a8c42bfcf241c7683ea5ad60e341d1211a3da16c24f2c92',0,'815365177'),(423,'ZAP','f31151861e724128cd473cc7c846e5a2e12f2afc3fcbd3bc0049cdfbb56dc390',0,'2072573658'),(424,'ZAP','375e284506fd69687e3b16a76e2cacb6698af0de61404b0fb6b5b22f861a1ddc',0,'594669452'),(425,'ZAP','0443a1e59d9b8658ad02feb60dfe5f84b08e6ac7fb957aa2f43ef353c079f2ba',0,'494359000'),(426,'ZAP','0072f76d4536cdc3ae435fcd8c9116d106b2d9a301190b7dfbce0b295bb1f713',0,'1911769426'),(427,'ZAP','d131ff38a5eddc9377d42d2d35cfded971664f1f861e6ef9d69c00113e87f5db',0,'1191943792'),(428,'ZAP','1e3aab50457eca7596d28dbdccf65ddf5406f6ab6a1b083941d856f50c968d28',0,'257703640'),(429,'ZAP','4c69a8e53e18869d30416e3baa790121899867f7a3e8c8633a532a6726382938',0,'1659754785'),(430,'ZAP','1a88817b0803931d27c076135f88b43b33a87a4c72f2dab3de7abae3e015f84c',0,'1286837111'),(431,'ZAP','1ef2987303e04418b153eba801ec1e93be79b8852a4381f8a96d60043903591b',0,'385284989'),(432,'ZAP','0cc73f134d8c77adc45e5a9ac325634de3913b93f7ce9b33e09084f7400878d0',0,'786361129'),(433,'ZAP','56c9047b905330987d964b50e45810fb07b910737cb9584f58794aed5901a33a',0,'1067218213'),(434,'ZAP','d8bf8fc87e1659acb7104f44b381dc2ae0c332e1ca9fca072308834cd04d7cbc',0,'502408315'),(435,'ZAP','8f9fdcb97f8dc9cf45bc6a831946158e7a8c1ed263e232f85b53d13c9d84312c',0,'1781885600'),(436,'ZAP','d2e96c55aaeca0ed1f9b69714d5562c516659ff24efbc16e37f46f9dc34f9824',0,'1216139176'),(437,'ZAP','728eb8b28fdefced1321713c6bb48a3b32d3ff2b430cafe843cdd5e5e4cd089e',0,'390010698'),(438,'ZAP','bbcdd39abf552c56d8f17204f2eb44bd0130ab59d0bb2949f30ed1a73a8030a9',0,'963822046'),(439,'ZAP','950676c298a6526349072730b34d0d277c56e605eb723bbaf9d11c6beca43df5',0,'1133516371'),(440,'ZAP','90a9967d642984d6c6ea4462e9fbda6d315dd2390a21924c96a0b20d93645727',0,'184170276'),(441,'ZAP','fa104da9028429a48f5d52e5b003ebe59dab3352cd8758b5c3718415694ba3a9',0,'1340500074'),(442,'ZAP','78f245dde5d051323396fd0426f3fba44a3360975fd6455c85d2a55ee251d3fe',0,'544089482'),(443,'ZAP&cat /etc/passwd&','b60ce7658d377a7126a598325cf5ab897d98566cc1b1a3ee6abe0a6fa3d55d35',0,'1751937003'),(444,'ZAP;cat /etc/passwd;','e2130903048f7e0f3a74d7df7d5578e2652126edc644baba1e11d97df7412066',0,'158130825'),(445,'ZAP\\\"&cat /etc/passwd&\\\"','5764dfe2e2cc09b887db56f005a36f7cc852f2adf8a21722b4b7e92516661b2b',0,'1322821518'),(446,'ZAP\\\";cat /etc/passwd;\\\"','b59c26bd5548f55a6be6caabd800ad24db69c5617776a8f860f4788bdac272d0',0,'698860303'),(447,'ZAP\\\'&cat /etc/passwd&\\\'','c2979579559656d3434b6aa8f5c16f1d0efffe37acd043176fa6954263efa096',0,'1381335348'),(448,'ZAP\\\';cat /etc/passwd;\\\'','4c9f4305591c857fee56129d6100db2b531b2eb5c7be80a122d400b1be0c395f',0,'71971397'),(449,'ZAP&sleep 15&','db84ae5ec357243d40939ccaacad174598c7d4e494b1e2ef195d885b579a4a29',0,'999116121'),(450,'ZAP;sleep 15;','5c2f2a03759a9195b014485c0d5d17fc061c65ee760ca4d75c9931504194d626',0,'1693558326'),(451,'ZAP\\\"&sleep 15&\\\"','a35fb42c8995c2a80de1fac12a28e7c3f45f8af0e04f46c5d2640466789c8b3b',0,'1504766555'),(452,'ZAP\\\";sleep 15;\\\"','73ae7b1d3a6c9b1a0b25093f5fd9003c24078c2a1fc2dcadd4b7eb4ead10aeea',0,'2105838997'),(453,'ZAP&sleep {0}&','d2c213e13c32768fddf09548c8d9d913656b7cd4b40a92553f8bc3bb9afda979',0,'1214193146'),(454,'ZAP;sleep {0};','1dcfe0136340097169ba8ab51fd15015fa80d3aa072b91e4f708b566bf7013cc',0,'1625228679'),(455,'ZAP&type %SYSTEMROOT%\\\\win.ini','fadb928bc0f3cf42d1035aece6f13367c743c77cad95294cce0fa888c7a18c09',0,'1400936028'),(456,'ZAP|type %SYSTEMROOT%\\\\win.ini','93108e56a4ef4300a5eaa689bff77ab94fa09beaf7b5904c82d6ad6ccdc3aa56',0,'42672553'),(457,'ZAP\\\"&type %SYSTEMROOT%\\\\win.ini&\\\"','8676fd8e756d01c9dfee68bb24751fa1f96a087ebf6fd45691c9f95c9d09263b',0,'1862252579'),(458,'ZAP\\\"|type %SYSTEMROOT%\\\\win.ini','3395cae88509e3daa62585034316f5995e6f3579a46ee695a8b5883974dd5276',0,'1506758517'),(459,'ZAP\\\'&type %SYSTEMROOT%\\\\win.ini&\\\'','189845f403d8b3435dd1a485427590a1c2ab632d9061b7dab0384a4aa17d3d11',0,'422250007'),(460,'ZAP\\\'|type %SYSTEMROOT%\\\\win.ini','269ce1ca18b3f0c2bfaab3f05c01a073f4d1be5925da6618d405a8c7701ced66',0,'559054270'),(461,'ZAP&timeout /T 15','806fd7681d71c4f74721cdc4b98fecc8d2035f5d73eb90ea8300fc2d5545663a',0,'27642541'),(462,'ZAP|timeout /T 15','3b4912bee7da02c4cc654b3907ddebb86a0793f9c52b30efe04f635f20863d95',0,'1706101165'),(463,'ZAP\\\"&timeout /T 15&\\\"','5c1be081a659beb7bb4c8f0ba2a288194b8e01e1f2bf5dd66da796f1ac6762e6',0,'1698364627'),(464,'ZAP\\\"|timeout /T 15','9159457fed478c855cbf9eda13b12383247838ade3bb1b0326e9beedbb57a2db',0,'1707351574'),(465,'ZAP&timeout /T {0}&','c59986a5c2b4ce9858d1d6653dfb16ec72ddea507a25ed5a70d44b9838cf7964',0,'1219005663'),(466,'ZAP|timeout /T {0}','1af12a0e256857cc460fb5140f5f8522072b1e76abc949f860cec115bdfac37f',0,'1606187815'),(467,'ZAP;get-help','6a9a2b9c8f48f3e80fe9afd64594f0756634e1943846eaf3541608df182a2018',0,'1837681559'),(468,'ZAP\\\";get-help','191b0e1e4a49f137800535ece92c8d0ab6be7e8653112578edf0bf1f99fa3e96',0,'1060474672'),(469,'ZAP\\\';get-help','0857a25b945088af49b20f61a16233a99aa4ce6a0a5f0c97ea9ab06acb6f7a4a',0,'1439113371'),(470,'ZAP;get-help #','361bca4fa1cda77cc52ce537ae03e05fc5d03b58aceafc25ad65e52792a72ad2',0,'1867368890'),(471,'ZAP;start-sleep -s 15','edb986963cc57fe373aac557245d0a079ca3056b8ac8d8dfd5c15d7cab054b5b',0,'1056837075'),(472,'ZAP\\\";start-sleep -s 15','7f52a9b6a361a9a72bf6657fa6947e044c8bb78790fc216e1d8370ca95dbdaf8',0,'511675419'),(473,'ZAP;start-sleep -s {0}','880ce8dd5442075ae580b09e6630dd19fb8526837d1c817b3b8f29de72f4c4cb',0,'59895425'),(474,'ZAP;start-sleep -s 15 #','327707696b6ca83a1ef4e0c5d283c6daa365213fde935c5038cdaaf03d2c22c4',0,'340275566'),(475,'ZAP','ab4d8dcf547d314412d07cd3d018fb32729d8484ce9a2bc12f0be3264f5f7b22',0,'1135177659'),(476,'ZAP','ff43a97fd811da78ce2ab5919ea959425a2a7e5cea397895ee7d1cae06fcbbbe',0,'265173882'),(477,'ZAP','e144dd4aed9374d7bf783702a79167575e66faa53a4b1e031c0dc69696ee895f',0,'739526429'),(478,'ZAP','d02b1d68a9980f805a15847f31e6ea3bfbdbd8a9d02b867b25cf23e511fb2ee3',0,'1275770247'),(479,'ZAP','68f02316dbbd0bf5ddd256b5dc2614564ee2a173e958821dd778b7dd1960835d',0,'1652133518'),(480,'ZAP','3ce025ca0b29fdf4fcc28d07de75f26083714c23f915e7dcec2769e5a4d2b1a3',0,'2132469083'),(481,'ZAP','2fc7fcdd5b3195131a6d16ed8c8d8e4f172e8766e1072405110b0dc60e2bd7c6',0,'759532882'),(482,'ZAP','7ed03904f009857e63faf8b77605f5a617a14383389b4a6d8840b638542a6855',0,'997392574'),(483,'ZAP','8b73e48da45816b81c9107e2668fa9983b7a2655f112e6b54a7da2463063c5e7',0,'1795591130'),(484,'ZAP','8ecef9ac18315c7f3cf671976929f3eb813f3ed793d68d8792edbb13cf069c97',0,'1128758379'),(485,'ZAP','97e43161f12d5d1c92f3a45547c7eb5ddf42966767e2d2eb211fac073a9c92a4',0,'428325831'),(486,'ZAP','b711ab5b44ecf813e9662875ee1b2fe18ec0b1bc949461849b6781c66b05c1c1',0,'1151540720'),(487,'ZAP','d7254e305bd58934172abb9a57c1c14426948affc4c27251c9542f5c3be82676',0,'978397798'),(488,'ZAP','e4fda44757686273a0f7ac82a044aef8020ced4520bc46b5d07e4b814158d74f',0,'452499000'),(489,'ZAP','b89b4f544f04f9ccf99eab0d09e2ca6c253b22b41b77d96be2e60da5d55d8440',0,'721512759'),(490,'ZAP','13373c5a4c0e72954e4556da9248ebb26dd4bbc749e88199e53813dc40f4fa7e',0,'1878404698'),(491,'ZAP','51c57e7b6974b86687b01869cec3f15bcfec9d8fc3d2803715a7aebda4255737',0,'1226229423'),(492,'ZAP','a20c3ed7d65d38dd876cd98b669616b5bb94559d89701f7a98e5099d13423781',0,'501318927'),(493,'ZAP','d174e3607e50ea9ba9b25bfc1b7aff499826c0aec96b451aa706b88181a992bf',0,'94516563'),(494,'ZAP','eb074a46fc8343f84424c779a579ea4e9a0f44d7e90f0bba1ce167eea2f2b08f',0,'1786618932'),(495,'ZAP','2798c7a601f545ca9afa3f4fb2dcd01ed7e5e10ee1997415f5c31b33d0cdbe1d',0,'224056757'),(496,'ZAP','1a0d65a2299a07b41517d48b02f2011a749ea97fb1ecd9b3667e50fc75eec079',0,'235798442'),(497,'ZAP','45f95d22bad128998ce6f979bb85c0e280f06b1f6dbd83d6c0ad22a8a4ed1f08',0,'1463850052'),(498,'ZAP','d1145aec052efd9753839d851182650505dd2cb9025b10410ac225f8040dff2e',0,'333003456'),(499,'ZAP','d25256fbcf995605bb6b617e677789ab75be975e83d4dc39ce3b4cc980b66f2d',0,'2084253135'),(500,'ZAP','8f5cf543a15b4bf85c23edea672b25e5e762842bb8d240123dfdaf465719d1ef',0,'908610753'),(501,'ZAP','977670edde99d039017c797916efb95a8f9c8ae1ae00fefcdbc14ca969e3e20d',0,'919674336'),(502,'ZAP','4f74141a0a0274d0c53f326e243b2f6eb33cd8bc0b547476ad4508909b9cf393',0,'1679636618'),(503,'ZAP','3ad7ddbd35745de7b1472cf26d6393d450966b84755d4c14d06cc7665e09d15a',0,'707606346'),(504,'ZAP','237d410a11164be613ea04385d353e757a136a3b7642d027ac139d7267572a62',0,'133128535'),(505,'ZAP','8ff1b4ac1c32c8f98329c2c5d75ea847e01f648c9af1a981f87493274055a4ac',0,'435620783'),(506,'ZAP','0b376b5b4b37549c68113b64269bdfa4559abd63828b79289ebe1e8ac01ce1fa',0,'1952488191'),(507,'ZAP','c97c292002c2023e11700fc6dd57fb5c9cb9455a8923c96ca3e70e01ea2bd74b',0,'575638019'),(508,'ZAP','0d40dadd088a0e0ae1adb39035aa9351997b5536688e4b7016a41e4a6a8aed0c',0,'1560355196'),(509,'ZAP','baf06e5d0d2c0dd817d0686b15b63040c98b8c5448a5e6d8a0746997a20100a4',0,'563948264'),(510,'ZAP','145fe27abf179b24babb0416dc862b89997ac49a3ae937408ca5d5a2e24cfc0f',0,'843152467'),(511,'ZAP','a1abaa5c407f9e9eda1474a2793004be36fd86c93de6271244e3d80ea1794c18',0,'517818403'),(512,'ZAP','bc09a44af8b2594eb5cd8ea537c5b191cf7ecc81717654197e3deb3fb6a5fa98',0,'443919709'),(513,'ZAP','5ed1144a138efeb0267b79be46a6af1013272e6d4eab3487690404136ea71435',0,'557049026'),(514,'ZAP','ea6f899b33dbc7aed831669cf7fba432062e7a8e84f05c91e811bd1565136feb',0,'2028918546'),(515,'ZAP','d0483f1d52c6fa4d6fbb42690dea54f6e259ce906e13452bf47bf3007b5828bd',0,'1143144713'),(516,'ZAP','38f338eb7f1138839053786e466b258439eab3589631f64149809bea0431b6df',0,'263720175'),(517,'ZAP','feafea81c7d0a229c2928aed4d01db12a5ef2963c34ee844e1a54d8a4a6eddd0',0,'72838217'),(518,'ZAP','a7da33c28c6b912ab053058c8191f5bdbf92fcd58a94ec77a76587608d9deb30',0,'425728494'),(519,'ZAP','cab6ebac0ffada17886a64d1e25d5e9540b10ebaf890b685b1a0f1275281ea58',0,'624853481'),(520,'ZAP','d96c373d609ea735f02cb4e0db9654c6c9ec47c3bcfa3015a8c3d726bf89aec9',0,'787645120'),(521,'ZAP','1c3c6c79285b36e366c5fc1db4725185a2707dfa5c4e3d14ed34032a9d95cdc6',0,'1774500624'),(522,'ZAP','bfd378f063442fab117d378b4f39cb4ad127a349c9bad7d70c76abd678a89e6c',0,'1238261665'),(523,'ZAP','86a892b7ecbe8abb76e4c68ed69bff02e2523e63c41e88f4a0b5423c12bf450e',0,'153966574'),(524,'ZAP','5566bfe7b606b1524ddc963e34046679593b9a169ddd6ab3fef25277c0a0e4e4',0,'1573265304'),(525,'ZAP','3f40693954540e23a814e38ba89068b85435c2f06ca204eb5d100a6b7800f687',0,'522436286'),(526,'ZAP','d18d37976557e94185548eee1ff84aa19d59801cc0769a429cbc259a0dc2fc40',0,'292213646'),(527,'ZAP','e0060473e3376993085c2eb1db72552fe5ae574da2baf6dae0b79971db2ef273',0,'618522595'),(528,'ZAP','bcecd2b948e5632326414752b66414652af3efcbc96474828d85e787bc2f5d20',0,'1560008316'),(529,'ZAP','9048619e69eea25ba03c8cdaf6a4a465effbaedcc5d83bfa31da235907074904',0,'1501422264'),(530,'ZAP','3c4222bc6daebc7f0bc0cea2fd2cac4fdd98ddf53e26479df15f0e70b3d83f5d',0,'561071665'),(531,'ZAP','554bd2a7f6a38305b485b563b3551228b0ce6023794260fdace04b92629d6835',0,'890818846'),(532,'ZAP','126adbbb3264a9673fb15d52a249032643b9ddc5a5a4687bd75c2650531e3ab1',0,'1994259088'),(533,'ZAP','969d14ace8ac048c565b811e0f3cf12bb7cb4a9ec3ed8b8f9406c5d3825105e6',0,'149981124'),(534,'ZAP','c7eb6a7b8d3d69586b8beb01be035c535517c39d91d256c991db39d03359f80d',0,'1737592094'),(535,'ZAP','d0451185d01a6461f7b649b0d7b0e21faefd027f9809375673c62eeff9eb61f6',0,'1780077328'),(536,'ZAP','ee1a4f02659bad009c6a7cca74622da5b20aff19751e73481c9bbfe7e7735092',0,'156236733'),(537,'ZAP','90fa66860873ad571797289ef7f8d651ef6665e49707ab694b6fb5680ddea1cc',0,'975533819'),(538,'ZAP','90d41b981a9b9302b2a692976a46f7cf29180c74f09f08a27b68c3a5f6468096',0,'581016757'),(539,'ZAP','e1cffec5482f61ec6df9b190d94b353b3f2df01010cd9231d922ba29d36a6e82',0,'2017350014'),(540,'ZAP','143124477d6a6cf71762831a8fd7f54e9989ffe446d06f0666b4c25f7f3ed696',0,'1565666644'),(541,'ZAP','2de88a4e135bb2239f4d565126a5572b337a844c8733663a652559502fd12e59',0,'802317377'),(542,'ZAP','bb5ee4ca9b648cfb73c0572579d546552898f095a8211fda057e13e6fdb79e46',0,'2093620445'),(543,'ZAP','fac6d2759ad2eacc4c4083b430f6c0d4464bc48c63e514cb62c7db6703e1ffa2',0,'6169446'),(544,'ZAP','f90c40e1fbedf142f2ada3da94a6dc33be0264c76cb6ef3ec0607dfa90b966df',0,'384688562'),(545,'ZAP','9b2ddd21857f62ca251b2641fbc154c667d7ac220913a73563f182a9a266cdef',0,'1653306390'),(546,'ZAP','fe47a728f9a91137fee58466b6901e5c24a9562d34d86e66085967553608f3dd',0,'572403178'),(547,'ZAP','dc4221e9385b32350460dac4c0683a8b82ad37b88ea086a91157e5f781d1ef47',0,'2006049764'),(548,'ZAP','f1c162030e59ffefee9a4e090b48df22d4094d21752fca776141c4b54360a852',0,'649693294'),(549,'8456175082587470448.owasp.org','2003eb66be2a2e4982a73b46bbe09439bd158f95a220b79d32fd073a1ed194a1',0,'920366873'),(550,'http://8456175082587470448.owasp.org','b709f93960baed7624852f9a4b2bab6857ae5a27c1128f950b393f1aa5324e49',0,'1900262504'),(551,'https://8456175082587470448.owasp.org','3f52a340f42aeecc8dc59318356f4e16ceeee05dc4af2f15dff4c1a60fbfac1e',0,'737580416'),(552,'http:\\\\\\\\8456175082587470448.owasp.org','8a04dc26109ccf411de62ece8e78603252d2feadb36159566832aa71092afd3b',0,'1011505390'),(553,'https:\\\\\\\\8456175082587470448.owasp.org','82b9b9fb2fa88cc78ddb7059525e519d80db5b557d6ee10b20fd6af5fa025835',0,'1478492333'),(554,'//8456175082587470448.owasp.org','cfd26be5993b9b0e4490f390403b1405614a93727225b621eabe2bd84a13f933',0,'1060729386'),(555,'\\\\\\\\8456175082587470448.owasp.org','020d0e04b27c9a913d05ee14844e5dbfa0ca196943237c5370d81c12e3fba919',0,'512959228'),(556,'HtTp://8456175082587470448.owasp.org','12ec9435481330c73ae42a9cf71e1dd94308fed8eb1fc9cb38560a7b48ecfe77',0,'1861520436'),(557,'HtTpS://8456175082587470448.owasp.org','ff408d65b0d24bf07e2af06d5b3f839e59346b2a2bc12ef4779f4a8e8ce95a58',0,'6970045'),(558,'ZAP','b10628168be3861e59c06a57dddb4e416cf703afa80dfe2e96435cf1e1c99caa',0,'1813032130'),(559,'ZAP','4eb23703d2198ac1e6fe96041bc0ea9693e80b4c985ffa45a3bc4450e9ece99d',0,'1104156617'),(560,'ZAP','1e23cbc4793432534ff7b1de9c80fa5aca3444141427563a6174191589304c8f',0,'391299737'),(561,'ZAP','4dd69fbeb3e15dcd3dd370ed498f73e5679e033acb616f97560b6856e80d629d',0,'212985280'),(562,'ZAP','55537963ac8162c7a700db6ae64e49efc2d06ca4142c53bf12d62d33467b65ca',0,'996169720'),(563,'ZAP','becd4cf40fdfec9891247cdf06c5808b39083fed599ce4c12bab93d4f4a4b652',0,'970365985'),(564,'ZAP','7272d5b181628289482b3676902dd75b2523b0647ad5ee85ef5ea75d3873432b',0,'802607359'),(565,'ZAP','cb898bc3ec25924f74ede4ab6b05c162835a37ef7aaec07344593f6cd41b82b0',0,'261650689'),(566,'ZAP','bb00ff91c15ccf3cd7387cab02f79e4f2a9225d4eb5303f2d2ed94bc26bc4a9e',0,'1107321400'),(567,'ZAP','3d5a65c879017af97decaebcb040ae60d3a68b204aeb071e6a4f0e61f0ed63a5',2147483647,'1382199195'),(568,'ZAP','6bf787a7c28f27e8e064093bbcbb6d2c57028b63242bbf762353ba01373439ca',0,'1725479071'),(569,'ZAP','73d4b82f96692be9c29934bd5694457b2f480d96d299355774b58c7214ee692c',0,'200776494'),(570,'ZAP','e96cfea6538891789d5806a135a9e08cde58f1a3e6f78c0dcbd1092c0e39aa10',0,'1457903458'),(571,'ZAP','26fe708859651b4eb06eade8ad542a7e3b55f0e9a56c74c8ab1a60d024264bb8',0,'1240878711'),(572,'ZAP','6d35e367a74378da1b47015cb2e83900dca26e5c1a080e10d3e97c7639ab4727',0,'1617497509'),(573,'ZAP','8e0a6696c9b94ded46b2fb6144eefc7d5d8606b7adc39b012e5dcd7324b6fa06',0,'725407060'),(574,'ZAP','06223a09515abd033e68ee050e49cd1eef5c9d2fe0a9f3f6beee8f19eabd69ff',0,'930958602'),(575,'ZAP','3c44ed55f648ac1e01b3f25745218efe9ba8c49ce0ad07621d73e45229e50b6d',0,'911078162'),(576,'ZAP','55a70c9c8c2c2520dbd5adc925db607b9675c761c47edbffad315be5621dba38',0,'1035452606'),(577,'WZHwqghgGZnDeayujHLnBiwYOGaPyBQwrKNGNFIeOiJRl','0fa47d97aaa4fc98685b90b3ccd4f17063492388500cd0ddd7b3cc94342d0970',0,'933669666'),(578,'ZAP','94cdeddde58d9fe6c27d25f71a0924ad44408b74dc0ae59c83e5b400d3eee0db',0,'1263839896'),(579,'ZAP','e11ca37dd787d45a48b37bf33e028a04beca5bdad87ab87239bedbb1f6feecb5',0,'1246194638'),(580,'ZAP','de99c27da9065ee7b9f85edff7e463aca0f28887f8af5b0449619f0b0a7aaf2d',0,'151899016'),(581,'ZAP','a12d5d6ccf1253141b957586794ec188fbeba9e999bfe1f926e3807b048fe178',0,'2113815661'),(582,'ZAP','2b45183c77930590fa0d7e82f85240d482b685405a0a5925c2de1476734e4964',0,'1038611885'),(583,'ZAP','c97c9ae5a67428a2a8538b7b1a63e1bcf4d254a08b2ab1b47955bb71dd257de0',0,'606479853'),(584,'ZAP%n%s%n%s%n%s%n%s%n%s%n%s%n%s%n%s%n%s%n%s%n','6faec54bc088d8875080afc3097bc3aeda381c9c4bc409884b713aa55ce99932',0,'1676307964'),(585,'ZAP %1!s%2!s%3!s%4!s%5!s%6!s%7!s%8!s%9!s%10!s','130e519fd90cd583caad2658db64e0d2c7f6f174fd43ef95a20288ee9184f3e7',0,'107693691'),(586,'ZAP','1736f3d0b6b1257871260593d831f0cb679daefd96e0411e330c8db07fbc3bc8',0,'495002399'),(587,'ZAP','528ae6980ad998c9959c34938b6c0d98afb6aa76d6dacebfcc06f56fbc64148f',0,'1286859899'),(588,'ZAP','8650e0a06ad0cee97db7f55e10213fed0b082589c4d33367128cf4ab156a9b0d',0,'74672212'),(589,'ZAP','353b0dfcee023a2d7d9445f647961b4d55b93c7d0f4b7b5431920ee45a357b40',0,'526141615'),(590,'ZAP','dac8b67829d33c20e83e43da8e8229c7060182150a9eb9a59d2dba9671002a1b',0,'1568440904'),(591,'ZAP','8703f495e907d4da1ffc1625546b9e0a62e9f963f7133cbc570b33d7e194ced6',0,'2046766520'),(592,'ZAP','f1d31c9237512b042067525d9e14c0a4a729645180780cf28a1cbd86d188f947',0,'45009128'),(593,'ZAP','ca8ba88994bdec30bca9041850c1937fe8985d2861286fbff5eb1e14e68f72cc',0,'189619936'),(594,'ZAP','6e72223cdae4b880bc1ef06ce8ec4b1cb068133bfc0eda6758b201b02012a3d4',0,'1739646291'),(595,'ZAP','d413478a92af9169b7236deb26cb02ff84e00da2dbf70087b0179026433a4182',0,'282286804'),(596,'ZAP','07acae08a648dd1592dbe1fd6be9849b5593f7ab4b00f6bccf2e46fe55d6ee76',0,'1712560204'),(597,'ZAP','d33e0515b5a57f78bde8d749c00455650ab8d0665aea4f5b9d43471f7ccb8942',0,'596470139'),(598,'ZAP','db97133f0da52cd9c823b007bdbbd1d69a33ebd8c631b6d57c01f74971830955',0,'906997587'),(599,'Set-cookie: Tamper=0f7a6dd2-f424-4f5c-be88-ce','c09596a26f0c614b61d9925e428a904b74f50dd62a787c2467d883a5b27ccca8',0,'457889955'),(600,'any\\r\\nSet-cookie: Tamper=0f7a6dd2-f424-4f5c-','d521eb4c239b571c1b16993ba34c2c8fbc280ef9e2086f6464dceeaaf540c950',0,'1009211887'),(601,'any?\\r\\nSet-cookie: Tamper=0f7a6dd2-f424-4f5c','542f2688e3bd2901503919f694b56aa81a07dac435f0e29f4323cfe67a751b4d',0,'811436956'),(602,'any\\nSet-cookie: Tamper=0f7a6dd2-f424-4f5c-be','6d590278b48f6e4668586dc09f3b16516907bb0cf5873f297d76823cd3a48bff',0,'1149631141'),(603,'any?\\nSet-cookie: Tamper=0f7a6dd2-f424-4f5c-b','b5d3013650878493b20f40838e8443eabdc8ffff2951e62321e4ae26b2b15b3b',0,'1542511562'),(604,'any\\r\\nSet-cookie: Tamper=0f7a6dd2-f424-4f5c-','65d4a800612e4365cd85bce06033d8f2440bb5563d6b08886d5458c153be00ce',0,'1877325516'),(605,'any?\\r\\nSet-cookie: Tamper=0f7a6dd2-f424-4f5c','ce387b7b906d5fe91140c9d05ee34a4c4d951c807962cec5da3b94f9505ff213',0,'863813801'),(606,'ZAP','53c78877ea634feb74ac42052f4091265b26d7730f71b0201a00f75910676d83',0,'500792803'),(607,'ZAP','82d75df8de45cd16738dcbbbc6900919022859a026f344bcbaa1d0c827c51980',0,'1924033498'),(608,'ZAP','5d94e5834352b4605f61d33dff799ed60b355f1984304db795730a0c3f94da10',0,'1876350947'),(609,'ZAP','646ccff018a74dfd1e91f33805263b6ac81728967b48fbd29036faf69c4c04ac',0,'2144557737'),(610,'ZAP','12b7503a4e5a1f453c55691d95673089da5b01943f94c5189482426682dbd6da',0,'407890551'),(611,'ZAP','a9452ee175ec2f5e1b19c284c6f11a974b71fef15687e2c63ddbe1d9f18b1905',0,'973944342'),(612,'ZAP','8a90dcb08275378c9d5f6eb5eaf2685ed0665aea2b938cfe6370af182cfa2cdd',0,'15706150'),(613,'ZAP','af52a62be486ca1a0619975e2a9e6ec587b0adc8d663b43b49e3c71df60f2b91',0,'880056676'),(614,'ZAP','52d8732649078367376c38341a28e4f541501564d72a106ca39f889a14662349',0,'1808279480'),(615,'ZAP','e26a22563a350d9e1d45daf004630e78f64f127d477dfa6affb72de9f0694f9c',0,'869002232'),(616,'ZAP','76adad7f81bdf6fb951f66b47c8903b4af3a88cacb49a19c15fec9885754347c',0,'1210525675'),(617,'ZAP','86a586b169563b707d422aaa2c9bf334917e2f14c2fd78507eb7d18989201658',0,'2046373983'),(618,'ZAP','d015be4e3a6ae55356b894197e710d999989d931b77e4b73e17c7f98516b6153',0,'742299997'),(619,'ZAP','be4f848fafb92c4551e8519d6ba3724f1f5b1ad9af0824662ce28a239e31231b',0,'736232134'),(620,'ZAP','8531566c2a95f575b71223a086c76456eb85777c95da95caae8114256922f73a',0,'361252513'),(621,'ZAP','40d86fef6697a3d2e196be29c04d03ba54c6754629662c85f59998eb789f7f94',0,'1642681082'),(622,'ZAP','eb45509ddf1843779ab496c54c63b77a092626474a18676cb4cd064c9220f56c',0,'306186786'),(623,'ZAP','b79b0a5c7442f3b6203a4437c2085adbb04398dc31ff896289385a5caf1a309b',0,'1152220878'),(624,'ZAP','331ce27a0e9a1e53ba3da75bb6e84fee645d86f8c8b6bf152d9242fdd6c7d968',0,'75367834'),(625,'ZAP','909ebb80726f957865e90142fe45ef8c7bdf597b845d426a1d9d5a8834f0d5bb',0,'1189354292'),(626,'ZAP','ff455ec42d8fa6298d781f501472c614f582160b2e98ae3e4c5c404908d7f26f',0,'1232497282'),(627,'ZAP','99763616d85d18029276b8e09a10006f10bbf85fe7b325125c04c73b5fc72b6b',0,'1598207847'),(628,'','d8598e35a2ae97fe12f80924ea431cc3dd412e005d3f9c30d0adc28da1277fef',0,'117861661'),(629,'','c575f4d2d947828b5d7749e38800c4355526fda55c7c987d09140e2854b569e4',0,'901857444'),(630,'@','ee4db96905c381ff624f72159bb459ec186b3f283b43fc43552c88ecde175fdd',0,'1409071998'),(631,'+','a95930d1d259f99b702569b30f0ea619b266235b33b75ff0d350ab0173fa83da',0,'871142921'),(632,'','3ce2aabf649dcc415b78b8804cab99395007b858b2b6430a961afe8a141c3e92',0,'42142367'),(633,'|','d6e84c2b045047c07f6144c456790e17fa617c899a36ea105ceea5a12f5e677c',0,'1765226954'),(634,'ZAP','86255ed779d3e3542bacb30f31d354a577018dc1d632e536b2cec78c66d0e195',0,'227657401'),(635,'ZAP','b2900aba6743aa51c4644426d6c322818e64db1bde01d964fc9e5abc8b2a8453',0,'1527618290'),(636,'ZAP','652541bac604842b0fd344992c7527c7dc16ce9ecf507ebb75a73c51968e7ed8',0,'55235952'),(637,'ZAP','832b94fc7a9f5b7c818ad647f95eb9488d5dcf8dc613f5805416b8189ea84b54',0,'59787251'),(638,'ZAP','845cb97782eeb954d2c5f6cc6a71c853dc119156edf3ab626b4b1e0e9f9174a6',0,'1937696462'),(639,'ZAP','aa91ad4d3cc212861e7d024ea97a2bb3fff26338190434674446564b1958af6b',0,'1414965654'),(640,'ZAP','28ef0347583a3967e32cecf8ff112b6313807f88d3eda11acdb97fcb069ab814',0,'1849257975'),(641,'ZAP','fc9f14c8b7a7c08878f0f299bf190c316b33a7ba0b7072fdbb855270de260063',0,'551484049'),(642,'ZAP','26dd435c7546ae90827105e022eae57b3860c32c69ee31d015c910d19968e232',0,'1756253159'),(643,'ZAP','6ca38dba4cf5c131a6bc97e473be9b61f556384ccc4c01c9c5e47f55e1ef8c53',0,'486806021'),(644,'ZAP','f83789e4784cafd9b5b38c5b027b331b9616a904645d8f4088c9483a2ab9767e',0,'1533250332'),(645,'ZAP','3e8c7194af3d1f2e8fba0ca33a321ed9e4371185fac00610f643e29cefe62039',0,'793545576'),(646,'ZAP','bb1d877d7aee1e0ca27b8345b9ed11a0e9b963dacd3d79bcd626eaecfce64506',0,'410688148'),(647,'ZAP','b0fd42e34e99071014aedd22f660d5c8c87343fc20fc30bf6b33340c0af15006',0,'793521483'),(648,'ZAP','babf580ae9452203dabe45ec24d10936bdbbb2c6afcf1c080ae35d42c8c5f83c',0,'2012695972'),(649,'ZAP','abd88df6660d5bcc6206c00dc6376afacc6a13a1b2ea8425d39078131bfda1c8',0,'774735'),(650,'zApPX50sS','2613455c2d2fce6477b918074466445fbca513b14b4c041ad2c1ca00abe42bb6',0,'1188078081'),(651,'ZAP','cbe142d969d8568552830e0ebaa0a9afa36824df98191cbe472a2792fe7e84dd',0,'342686456'),(652,'ZAP','3bcd131522f77327dd03bfd62e23bae7b234ac71f7871a5f035221cd097f81c7',0,'348574847'),(653,'ZAP','2f2f2ebc01ef7dac378c1aa944539a2ba16c5a16627f2c1afc940ddc864bf111',0,'245525476'),(654,'dwight','93043b0a7fff79575950baecb5fc5c9841142bd38e91a86c64e8bfe8f5454672',4567,'144269099'),(655,'ana','18009e1868966b9df59d3a2b90e08f5af2b1d1bc06004bbf50b6fff233b61f18',12091278,'1638679385'),(656,'','1359fc2525e7e68f74048186822dc32f5654d6466bb6d9c94666a44c8bfbeb0c',0,'1289787097'),(657,'cow','196a50de8438062e3885928d3d3608911cf60fdeffcb37bf4d357de56e0aac3f',1232,'1667934666'),(658,'maitri','4d995944e8fbd06bc103cdd8be094de384d79d81750b6e47bd5cc917fbb2a645',12,'2043085775'),(659,'ana1212','2ffd36c5ff71d675a3d9bc041bd4e0b3d151eccfa9e16874375c75960ed4522a',2147483647,'1414371230'),(660,'1','f1e289ab99f35235ca8473a8007f2660705ee88050a9915b2fc64dd3e059d564',121,'818216745'),(661,'calci','3249498f07908b7dee7bf0d51ccd9de8a4583cd87a22fb2c6b03609a9933a47e',111,'1692294618'),(662,'rhea','643336ffe07e2d9521f9b508ec671a5eb5fe4be40ae745e2f8ca5ac60200a534',89757,'1243607849'),(663,'reah','59488323015048f761f8dc92e99220744ffdce7a4a5ab5b5df1091948966f7cb',123409,'1516103617'),(664,'charles','75b8be5c51bc26e4ed24731274729e28f7bf8ea35d2969ae94e3a641300e7793',1208,'1650075163'),(665,'ased','926aedbf56d384718e33f59d4626feb69c4a8398d8145a654800f8d3d7d15ac8',67,'2124229983'),(666,'new','817233b4e986aedfda2c07ce7e1bc0da5ea52490ee638cabd444d84c79267c6c',1,'201296047'),(667,'james','1281d7fd4240e7042eb178a79decc34711014618d897da187f96f7bd0f459fe0',7,'1678630362');
/*!40000 ALTER TABLE `users` ENABLE KEYS */;
UNLOCK TABLES;

--
-- Table structure for table `whitelist`
--

DROP TABLE IF EXISTS `whitelist`;
/*!40101 SET @saved_cs_client     = @@character_set_client */;
/*!40101 SET character_set_client = utf8 */;
CREATE TABLE `whitelist` (
  `whitelistid` int(11) NOT NULL AUTO_INCREMENT,
  `ip` varchar(45) DEFAULT NULL,
  PRIMARY KEY (`whitelistid`)
) ENGINE=InnoDB AUTO_INCREMENT=20 DEFAULT CHARSET=latin1;
/*!40101 SET character_set_client = @saved_cs_client */;

--
-- Dumping data for table `whitelist`
--

LOCK TABLES `whitelist` WRITE;
/*!40000 ALTER TABLE `whitelist` DISABLE KEYS */;
INSERT INTO `whitelist` VALUES (4,'188.18.6.26'),(8,'11.4.45.45'),(9,'22.2.2'),(10,'22.2.2.2.2'),(11,'11.4.45.43'),(12,'11.4.45.431'),(13,'123'),(14,'12425'),(15,'12'),(16,'12'),(17,'12'),(19,'1234');
/*!40000 ALTER TABLE `whitelist` ENABLE KEYS */;
UNLOCK TABLES;
/*!40103 SET TIME_ZONE=@OLD_TIME_ZONE */;

/*!40101 SET SQL_MODE=@OLD_SQL_MODE */;
/*!40014 SET FOREIGN_KEY_CHECKS=@OLD_FOREIGN_KEY_CHECKS */;
/*!40014 SET UNIQUE_CHECKS=@OLD_UNIQUE_CHECKS */;
/*!40101 SET CHARACTER_SET_CLIENT=@OLD_CHARACTER_SET_CLIENT */;
/*!40101 SET CHARACTER_SET_RESULTS=@OLD_CHARACTER_SET_RESULTS */;
/*!40101 SET COLLATION_CONNECTION=@OLD_COLLATION_CONNECTION */;
/*!40111 SET SQL_NOTES=@OLD_SQL_NOTES */;

-- Dump completed on 2017-05-01 15:04:30
